TheTime	B_DO	B_K	B_LevelControl_in	B_LevelControl_out	B_MFC	B_NH4	B_pH	B_Pump_acid	B_Pump_base	B_Pump_effluent	B_Pump_effluent_speed	B_Pump_influent	B_Pump_influent_speed	B_Stirrer	B_T_DO	B_T_ISE	B_Valve_air	B_Valve_N2	B_slopeNH4
42424.77812	0	0.194	-0.41		0	13.5	7.19	0	0	0	2.67	0	1.12	1.0	22.3	20.0	0	0	0.0003879329
42424.77818	0	0.194	-0.41		0	13.5	7.19	0	0	0	2.67	0	1.12	1.0	22.3	20.0	0	0	0.0003820666
42424.77824	0	0.194	-0.41		0	13.5	7.19	0	0	0	2.67	0	1.12	1.0	22.3	20.0	0	0	0.0003765858
42424.77830	0	0.194	-0.41		0	13.5	7.19	0	0	0	2.67	0	1.12	1.0	22.3	20.0	0	0	0.0003713820
42424.77836	0	0.194	-0.41		0	13.5	7.19	0	0	0	2.67	0	1.12	1.0	22.3	20.0	0	0	0.0003663938
42424.77841	0	0.194	-0.41		0	13.5	7.19	0	0	0	2.67	0	1.12	1.0	22.3	20.0	0	0	0.0003616221
42424.77847	0	0.194	-0.40		0	13.5	7.19	0	0	0	2.67	0	1.12	1.0	22.3	20.0	0	0	0.0003570964
42424.77853	0	0.194	-0.41		0	13.5	7.19	0	0	0	2.67	0	1.12	1.0	22.3	20.0	0	0	0.0003527585
42424.77859	0	0.194	-0.41		0	13.5	7.19	0	0	0	2.67	0	1.12	1.0	22.3	20.0	0	0	0.0003488317
42424.77865	0	0.194	-0.41		0	13.5	7.19	0	0	0	2.67	0	1.12	1.0	22.3	20.0	0	0	0.0003450935
42424.77870	0	0.194	-0.41		0	13.5	7.19	0	0	0	2.67	0	1.12	1.0	22.3	20.0	0	0	0.0003415457
42424.77876	0	0.194	-0.41		0	13.5	7.19	0	0	0	2.67	0	1.12	1.0	22.3	20.0	0	0	0.0003382689
42424.77882	0	0.194	-0.40		0	13.5	7.19	0	0	0	2.67	0	1.12	1.0	22.3	20.0	0	0	0.0003353393
42424.77888	0	0.194	-0.41		0	13.5	7.19	0	0	0	2.67	0	1.12	1.0	22.3	20.0	0	0	0.0003326701
42424.77894	0	0.194	-0.41		0	13.4	7.19	0	0	0	2.67	0	1.12	1.0	22.3	20.0	0	0	0.0003302778
42424.77900	0	0.194	-0.41		0	13.4	7.19	0	0	0	2.67	0	1.12	1.0	22.3	20.0	0	0	0.0003282327
42424.77905	0	0.194	-0.41		0	13.4	7.19	0	0	0	2.67	0	1.12	1.0	22.3	20.0	0	0	0.0003263288
42424.77911	0	0.194	-0.41		0	13.4	7.19	0	0	0	2.67	0	1.12	1.0	22.3	20.0	0	0	0.0003246561
42424.77917	0	0.194	-0.41		0	13.4	7.19	0	0	0	2.67	0	1.12	1.0	22.3	20.0	0	0	0.0003231781
42424.77923	0	0.194	-0.41		0	13.4	7.19	0	0	0	2.67	0	1.12	1.0	22.3	20.0	0	0	0.0003219943
42424.77929	0	0.194	-0.41		0	13.4	7.19	0	0	0	2.67	0	1.12	1.0	22.3	20.0	0	0	0.0003211141
42424.77934	0	0.194	-0.41		0	13.4	7.19	0	0	0	2.67	0	1.12	1.0	22.3	20.0	0	0	0.0003204267
42424.77940	0	0.194	-0.41		0	13.4	7.19	0	0	0	2.67		1.12	1.0	22.3	20.0	0		0.0003198721
42424.77946	0	0.195	-0.41		0	13.4	7.19	0	0	0	2.67	1.0	1.12	1.0	22.3	20.0	0	1.0	0.0003195590
42424.77952	0	0.195	-0.41		0	13.4	7.19	0	0	0	2.67	1.0	1.12	1.0	22.3	20.0	0	1.0	0.0003191929
42424.77958	0	0.196	-0.41		0	13.5	7.19	0	0	0	2.67	1.0	1.12	1.0	22.3	20.0	0	1.0	0.0003173250
42424.77963	0	0.199	-0.41		0	13.6	7.19	0	0	0	2.67	1.0	1.12	1.0	22.3	20.0	0	1.0	0.0003082827
42424.77969	0	0.203	-0.41		0	13.8	7.19	0	0	0	2.67	1.0	1.12	1.0	22.3	20.0	0	1.0	0.0002866770
42424.77975	0	0.206	-0.41		0	14.1	7.19	0	0	0	2.67	1.0	1.12	1.0	22.3	20.0	0	1.0	0.0002460529
42424.77981	0	0.212	-0.41		0	14.3	7.19	0	0	0	2.67	1.0	1.12	1.0	22.3	20.0	0	1.0	0.0001840232
42424.77987	0	0.217	-0.41		0	14.5	7.19	0	0	0	2.67	1.0	1.12	1.0	22.3	20.0	0	1.0	0.0001018942
42424.77992	0	0.222	-0.41		0	14.9	7.19	0	0	0	2.67	1.0	1.12	1.0	22.3	20.0	0	1.0	-4.011173e-07
42424.77998	0	0.226	-0.41		0	15.2	7.19	0	0	0	2.67	1.0	1.12	1.0	22.3	20.0	0	1.0	-0.0001286381
42424.78004	0	0.232	-0.41		0	15.5	7.19	0	0	0	2.67	1.0	1.12	1.0	22.3	19.9	0	1.0	-0.0002776438
42424.78010	0	0.237	-0.41		0	15.7	7.19	0	0	0	2.67	1.0	1.12	1.0	22.3	19.9	0	1.0	-0.0004474166
42424.78016	0	0.242	-0.41		0	16.1	7.19	0	0	0	2.67	1.0	1.12	1.0	22.3	19.9	0	1.0	-0.0006386634
42424.78021	0	0.248	-0.41		0	16.3	7.19	0	0	0	2.67	1.0	1.12	1.0	22.3	19.9	0	1.0	-0.0008518594
42424.78027	0	0.253	-0.41		0	16.6	7.19	0	0	0	2.67	1.0	1.12	1.0	22.3	19.9	0	1.0	-0.001083809
42424.78033	0	0.260	-0.41		0	16.9	7.19	0	0	0	2.67	1.0	1.12	1.0	22.3	19.9	0	1.0	-0.001334005
42424.78039	0	0.265	-0.41		0	17.2	7.19	0	0	0	2.67	1.0	1.12	1.0	22.3	19.9	0	1.0	-0.001606113
42424.78045	0	0.272	-0.41		0	17.5	7.19	0	0	0	2.67	1.0	1.12	1.0	22.3	19.9	0	1.0	-0.001894135
42424.78050	0	0.277	-0.41		0	17.7	7.19	0	0	0	2.67	1.0	1.12	1.0	22.3	19.9	0	1.0	-0.002198231
42424.78056	0	0.284	-0.41		0	18.0	7.19	0	0	0	2.67	1.0	1.12	1.0	22.3	19.9	0	1.0	-0.002520098
42424.78062	0	0.289	-0.41		0	18.2	7.20	0	0	0	2.67	1.0	1.12	1.0	22.3	19.9	0	1.0	-0.002857522
42424.78068	0	0.295	-0.41		0	18.5	7.20	0	0	0	2.67	1.0	1.12	1.0	22.3	19.9	0	1.0	-0.003208803
42424.78074	0	0.301	-0.41		0	18.8	7.20	0	0	0	2.67	1.0	1.12	1.0	22.3	19.9	0	1.0	-0.003574753
42424.78079	0	0.306	-0.40		0	19.1	7.20	0	0	0	2.67	1.0	1.12	1.0	22.3	19.9	0	1.0	-0.003957197
42424.78085	0	0.313	-0.41		0	19.3	7.20	0	0	0	2.67	1.0	1.12	1.0	22.3	19.9	0	1.0	-0.004354248
42424.78091	0	0.320	-0.41		0	19.5	7.20	0	0	0	2.67	1.0	1.12	1.0	22.3	19.9	0	1.0	-0.004762723
42424.78097	0	0.326	-0.41		0	19.8	7.20	0	0	0	2.67	1.0	1.12	1.0	22.3	19.9	0	1.0	-0.005181300
42424.78103	0	0.331	-0.41		0	20.0	7.20		0	0	2.67	1.0	1.12	1.0	22.3	19.9	0	1.0	-0.005613851
42424.78108	0	0.338	-0.41		0	20.3	7.20	0.50	0	0	2.67	1.0	1.12	1.0	22.3	19.9	0	1.0	-0.006056217
42424.78114	0	0.343	-0.41		0	20.5	7.20	0.50	0	0	2.67	1.0	1.12	1.0	22.3	19.9	0	1.0	-0.006508233
42424.78120	0	0.350	-0.41		0	20.7	7.20	0.50	0	0	2.67	1.0	1.12	1.0	22.3	19.9	0	1.0	-0.006970718
42424.78126	0	0.355	-0.40		0	20.9	7.20	0.50	0	0	2.67	1.0	1.12	1.0	22.3	19.9	0	1.0	-0.007443730
42424.78132	0	0.360	-0.41		0	21.2	7.20	1.0	0	0	2.67	1.0	1.12	1.0	22.3	19.9	0	1.0	-0.007926058
42424.78138	0	0.367	-0.41		0	21.4	7.20	0	0	0	2.67	1.0	1.12	1.0	22.3	19.9	0	1.0	-0.008419207
42424.78143	0	0.374	-0.41		0	21.6	7.20	0	0	0	2.67	1.0	1.12	1.0	22.3	19.9	0	1.0	-0.008969101
42424.78149	0	0.379	-0.41		0	21.9	7.20	0.50	0	0	2.67	1.0	1.12	1.0	22.3	19.9	0	1.0	-0.009526444
42424.78155	0	0.385	-0.41		0	22.1	7.20	0.50	0	0	2.67	1.0	1.12	1.0	22.3	19.9	0	1.0	-0.01004301
42424.78161	0	0.391	-0.41		0	22.3	7.20	1.0	0	0	2.67	1.0	1.12	1.0	22.3	19.9	0	1.0	-0.01056474
42424.78167	0	0.397	-0.41		0	22.5	7.20	0	0	0	2.67	1.0	1.12	1.0	22.3	19.9	0	1.0	-0.01109196
42424.78172	0	0.402	-0.40		0	22.8	7.20	0	0	0	2.67	1.0	1.12	1.0	22.3	19.9	0	1.0	-0.01162643
42424.78178	0	0.409	-0.41		0	23.0	7.20	0	0	0	2.67	1.0	1.12	1.0	22.3	19.9	0	1.0	-0.01216585
42424.78184	2.23e-05	0.415	-0.41		0	23.2	7.20	0	0	0	2.67	1.0	1.12	1.0	22.3	19.9	0	1.0	-0.01270884
42424.78190	0.000119	0.421	-0.41		0	23.4	7.20	0	0	0	2.67	1.0	1.12	1.0	22.3	19.9	0	1.0	-0.01325613
42424.78196	6.71e-05	0.427	-0.41		0	23.6	7.19	0	0	0	2.67	1.0	1.12	1.0	22.2	19.9	0	1.0	-0.01381009
42424.78201	3.00e-05	0.433	-0.41		0	23.9	7.19	0	0	0	2.67	1.0	1.12	1.0	22.2	19.9	0	1.0	-0.01436732
42424.78207	0.000258	0.439	-0.41		0	24.1	7.19	0	0	0	2.67	1.0	1.12	1.0	22.2	19.9	0	1.0	-0.01492676
42424.78213	0.000141	0.444	-0.41		0	24.3	7.19	0	0	0	2.67	1.0	1.12	1.0	22.2	19.9	0	1.0	-0.01549230
42424.78219	0.000398	0.450	-0.41		0	24.5	7.19	0	0	0	2.67	0	1.12	1.0	22.2	19.9	0	1.0	-0.01605971
42424.78225	0.000215	0.457	-0.40		50.0	24.7	7.19	0	0	0	2.67	0	1.12	1.0	22.2	19.9	0	1.0	-0.01663040
42424.78230	0	0.462	-0.40		0	24.9	7.19	0	0	0	2.67	0	1.12	1.0	22.2	19.9	0	0	-0.01720231
42424.78236	0	0.466	-0.41		0	25.1	7.19	0	0	0	2.67	0	1.12	1.0	22.2	19.9	0	0	-0.01777484
42424.78242	0	0.471	-0.41		0	25.3	7.19	0	0	0	2.67	0	1.12	1.0	22.2	19.8	0	0	-0.01834555
42424.78248	0	0.473	-0.41		0	25.4	7.19	0	0	0	2.67	0	1.12	1.0	22.2	19.9	0	0	-0.01891042
42424.78254	0	0.475	-0.41		0	25.5	7.19	0	0	0	2.67	0	1.12	1.0	22.2	19.8	0	0	-0.01946729
42424.78259	0	0.476	-0.41		0	25.6	7.19	0	0	0	2.67	0	1.12	1.0	22.2	19.8	0	0	-0.02001573
42424.78265	0	0.477	-0.40		0	25.6	7.19	0	0	0	2.67	0	1.12	1.0	22.2	19.8	0	0	-0.02055283
42424.78271	0	0.478	-0.41		0	25.7	7.19	0	0	0	2.67	0	1.12	1.0	22.2	19.8	0	0	-0.02107818
42424.78277	0	0.478	-0.41		0	25.8	7.19	0	0	0	2.67	0	1.12	1.0	22.2	19.8	0	0	-0.02159160
42424.78283	0	0.479	-0.41		0	25.8	7.19	0	0	0	2.67	0	1.12	1.0	22.2	19.8	0	0	-0.02209202
42424.78288	0	0.479	-0.41		0	25.8	7.19	0	0	0	2.67	0	1.12	1.0	22.2	19.8	0	0	-0.02257931
42424.78294	0	0.479	-0.41		0	25.9	7.19	0	0	0	2.67	0	1.12	1.0	22.2	19.8	0	0	-0.02305324
42424.78300	0	0.480	-0.41		0	25.9	7.19	0	0	0	2.67	0	1.12	1.0	22.2	19.8	0	0	-0.02351327
42424.78306	0	0.480	-0.41		0	26.0	7.19	0	0	0	2.67	0	1.12	1.0	22.2	19.8	0	0	-0.02395904
42424.78312	0	0.480	-0.41		0	26.0	7.19	0	0	0	2.67	0	1.12	1.0	22.2	19.8	0	0	-0.02439087
42424.78317	0	0.480	-0.41		0	26.0	7.19	0	0	0	2.67	0	1.12	1.0	22.2	19.8	0	0	-0.02480802
42424.78323	0	0.480	-0.41		0	26.1	7.19	0	0	0	2.67	0	1.12	1.0	22.2	19.8	0	0	-0.02521040
42424.78329	0	0.479	-0.41		0	26.1	7.19	0	0	0	2.67	0	1.12	1.0	22.2	19.8	0	0	-0.02559819
42424.78335	0	0.479	-0.41		0	26.1	7.19	0	0	0	2.67	0	1.12	1.0	22.2	19.8	0	0	-0.02597117
42424.78341	0	0.479	-0.41		0	26.2	7.19	0	0	0	2.67	0	1.12	1.0	22.2	19.8	0	0	-0.02632914
42424.78347	0	0.479	-0.41		0	26.2	7.19	0	0	0	2.67	0	1.12	1.0	22.2	19.8	0	0	-0.02667194
42424.78352	0	0.479	-0.41		0	26.2	7.19	0	0	0	2.67	0	1.12	1.0	22.2	19.8	0	0	-0.02699966
42424.78358	0	0.478	-0.41		0	26.3	7.19	0	0	0	2.67	0	1.12	1.0	22.2	19.8	0	0	-0.02731184
42424.78364	0	0.478	-0.40		0	26.3	7.19	0	0	0	2.67	0	1.12	1.0	22.2	19.8	0	0	-0.02760842
42424.78370	0	0.478	-0.41		0	26.3	7.19	0	0	0	2.67	0	1.12	1.0	22.2	19.8	0	0	-0.02788966
42424.78376	0	0.477	-0.41		0	26.3	7.19	0	0	0	2.67	0	1.12	1.0	22.2	19.8	0	0	-0.02815530
42424.78381	0	0.477	-0.41		0	26.4	7.19	0	0	0	2.67	0	1.12	1.0	22.2	19.8	0	0	-0.02840480
42424.78387	0	0.477	-0.41		0	26.4	7.19	0	0	0	2.67	0	1.12	1.0	22.2	19.8	0	0	-0.02863830
42424.78393	0	0.476	-0.40		0	26.4	7.19	0	0	0	2.67	0	1.12	1.0	22.2	19.8	0	0	-0.02885583
42424.78399	0	0.476	-0.41		0	26.4	7.19	0	0	0	2.67	0	1.12	1.0	22.2	19.8	0	0	-0.02905718
42424.78405	0	0.475	-0.41		0	26.5	7.19	0	0	0	2.67	0	1.12	1.0	22.2	19.8	0	0	-0.02924206
42424.78410	0	0.475	-0.41		0	26.5	7.19	0	0	0	2.67	0	1.12	1.0	22.2	19.8	0	0	-0.02941046
42424.78416	0	0.474	-0.40		0	26.5	7.19	0	0	0	2.67	0	1.12	1.0	22.2	19.8	0	0	-0.02956265
42424.78422	0	0.474	-0.40		0	26.5	7.19	0	0	0	2.67	0	1.12	1.0	22.2	19.8	0	0	-0.02969825
42424.78428	0	0.474	-0.40		0	26.5	7.19	0	0	0	2.67	0	1.12	1.0	22.2	19.8	0	0	-0.02981731
42424.78434	0	0.473	-0.41		0	26.6	7.19	0	0	0	2.67	0	1.12	1.0	22.2	19.8	0	0	-0.02991994
42424.78439	0	0.473	-0.41		0	26.6	7.19	0	0	0	2.67	0	1.12	1.0	22.2	19.8	0	0	-0.03000569
42424.78445	0	0.472	-0.40		0	26.6	7.19	0	0	0	2.67	0	1.12	1.0	22.2	19.8	0	0	-0.03007438
42424.78451	0	0.472	-0.41		0	26.6	7.19	0	0	0	2.67	0	1.12	1.0	22.2	19.8	0	0	-0.03012609
42424.78457	0	0.471	-0.41		0	26.6	7.19	0	0	0	2.67	0	1.12	1.0	22.2	19.8	0	0	-0.03016095
42424.78463	0	0.471	-0.41		0	26.6	7.19	0	0	0	2.67	0	1.12	1.0	22.2	19.8	0	0	-0.03017864
42424.78468	0	0.470	-0.41		0	26.7	7.19	0	0	0	2.67	0	1.12	1.0	22.2	19.8	0	0	-0.03017939
42424.78474	0	0.470	-0.41		0	26.7	7.19	0	0	0	2.67	0	1.12	1.0	22.2	19.8	0	0	-0.03016280
42424.78480	0	0.469	-0.41		0	26.7	7.19	0	0	0	2.67	0	1.12	1.0	22.2	19.8	0	0	-0.03012891
42424.78486	0	0.469	-0.41		0	26.7	7.19	0	0	0	2.67	0	1.12	1.0	22.2	19.8	0	0	-0.03007770
42424.78492	0	0.468	-0.40		0	26.7	7.19	0	0	0	2.67	0	1.12	1.0	22.2	19.8	0	0	-0.03000891
42424.78497	0	0.468	-0.41		0	26.7	7.19	0	0	0	2.67	0	1.12	1.0	22.2	19.8	0	0	-0.02992238
42424.78503	0	0.467	-0.41		0	26.7	7.19	0	0	0	2.67	0	1.12	1.0	22.2	19.8	0	0	-0.02981812
42424.78509	0	0.467	-0.41		0	26.7	7.19	0	0	0	2.67	0	1.12	1.0	22.2	19.7	0	0	-0.02969635
42424.78515	0	0.466	-0.41		0	26.8	7.19	0	0	0	2.67	0	1.12	1.0	22.2	19.7	0	0	-0.02954157
42424.78521	0	0.465	-0.40		0	26.8	7.19	0	0	0	2.67	0	1.12	1.0	22.2	19.7	0	0	-0.02936605
42424.78526	0	0.465	-0.41		0	26.8	7.19	0	0	0	2.67	0	1.12	1.0	22.2	19.7	0	0	-0.02918757
42424.78532	0	0.464	-0.41		0	26.8	7.19	0	0	0	2.67	0	1.12	1.0	22.2	19.7	0	0	-0.02899098
42424.78538	0	0.464	-0.41		0	26.8	7.19	0	0	0	2.67	0	1.12	1.0	22.2	19.7	0	0	-0.02877639
42424.78544	0	0.463	-0.41		0	26.8	7.19	0	0	0	2.67	0	1.12	1.0	22.2	19.7	0	0	-0.02854361
42424.78550	0	0.463	-0.41		0	26.8	7.19	0	0	0	2.67	0	1.12	1.0	22.2	19.7	0	0	-0.02829261
42424.78555	0	0.462	-0.41		0	26.8	7.19	0	0	0	2.67	0	1.12	1.0	22.2	19.7	0	0	-0.02802339
42424.78561	0	0.462	-0.41		0	26.8	7.19	0	0	0	2.67	0	1.12	1.0	22.2	19.7	0	0	-0.02773609
42424.78567	0	0.461	-0.41		0	26.8	7.19	0	0	0	2.67	0	1.12	1.0	22.2	19.7	0	0	-0.02743055
42424.78573	0	0.460	-0.41		0	26.8	7.19	0	0	0	2.67	0	1.12	1.0	22.2	19.7	0	0	-0.02710674
42424.78579	0	0.460	-0.41		0	26.8	7.19	0	0	0	2.67	0	1.12	1.0	22.2	19.7	0	0	-0.02676443
42424.78585	0	0.459	-0.41		0	26.9	7.19	0	0	0	2.67	0	1.12	1.0	22.2	19.7	0	0	-0.02640362
42424.78590	0	0.459	-0.41		0	26.9	7.19	0	0	0	2.67	0	1.12	1.0	22.2	19.7	0	0	-0.02602433
42424.78596	0	0.458	-0.41		0	26.9	7.19	0	0	0	2.67	0	1.12	1.0	22.2	19.7	0	0	-0.02562638
42424.78602	0	0.458	-0.41		0	26.9	7.19	0	0	0	2.67	0	1.12	1.0	22.2	19.7	0	0	-0.02520982
42424.78608	0	0.457	-0.41		0	26.9	7.19	0	0	0	2.67	0	1.12	1.0	22.2	19.7	0	0	-0.02477448
42424.78614	0	0.456	-0.41		0	26.9	7.19	0	0	0	2.67	0	1.12	1.0	22.2	19.7	0	0	-0.02432042
42424.78619	0	0.456	-0.41		0	26.9	7.19	0	0	0	2.67	0	1.12	1.0	22.2	19.7	0	0	-0.02384766
42424.78625	0	0.455	-0.41		0	26.9	7.19	0	0	0	2.67	0	1.12	1.0	22.2	19.7	0	0	-0.02335618
42424.78631	0	0.455	-0.40		0	26.9	7.19	0	0	0	2.67	0	1.12	1.0	22.2	19.7	0	0	-0.02284596
42424.78637	0	0.454	-0.41		0	26.9	7.19	0	0	0	2.67	0	1.12	1.0	22.2	19.7	0	0	-0.02231696
42424.78643	0	0.454	-0.41		0	26.9	7.19	0	0	0	2.67	0	1.12	1.0	22.2	19.7	0	0	-0.02176922
42424.78648	0	0.453	-0.41		0	26.9	7.19	0	0	0	2.67	0	1.12	1.0	22.2	19.7	0	0	-0.02120350
42424.78654	0	0.453	-0.41		0	26.9	7.19	0	0	0	2.67	0	1.12	1.0	22.2	19.7	0	0	-0.02062328
42424.78660	0	0.452	-0.41		0	26.9	7.19	0	0	0	2.67	0	1.12	1.0	22.2	19.7	0	0	-0.02003574
42424.78666	0	0.451	-0.41		0	26.9	7.19	0	0	0	2.67	0	1.12	1.0	22.2	19.7	0	0	-0.01944463
42424.78672	0	0.451	-0.41		0	26.9	7.19	0	0	0	2.67	0	1.12	1.0	22.2	19.7	0	0	-0.01885903
42424.78677	0	0.450	-0.41		0	26.9	7.19	0	0	0	2.67	0	1.12	1.0	22.2	19.8	0	0	-0.01827593
42424.78683	0	0.450	-0.41		0	26.9	7.19	0	0	0	2.67	0	1.12	1.0	22.2	19.8	0	0	-0.01769785
42424.78689	0	0.449	-0.41		0	26.9	7.19	0	0	0	2.67	0	1.12	1.0	22.2	19.8	0	0	-0.01712869
42424.78695	0	0.449	-0.41		0	26.9	7.19	0	0	0	2.67	0	1.12	1.0	22.2	19.8	0	0	-0.01656823
42424.78701	0	0.448	-0.41		0	26.9	7.19	0	0	0	2.67	0	1.12	1.0	22.2	19.8	0	0	-0.01601638
42424.78706	0	0.448	-0.41		0	26.9	7.19	0	0	0	2.67	0	1.12	1.0	22.2	19.8	0	0	-0.01546926
42424.78712	0	0.447	-0.41		0	26.9	7.19	0	0	0	2.67	0	1.12	1.0	22.2	19.8	0	0	-0.01493520
42424.78718	0	0.446	-0.41		0	26.9	7.19	0	0	0	2.67	0	1.12	1.0	22.2	19.8	0	0	-0.01440817
42424.78724	0	0.446	-0.41		0	26.9	7.19	0	0	0	2.67	0	1.12	1.0	22.2	19.8	0	0	-0.01388907
42424.78730	0	0.445	-0.41		0	26.9	7.19	0	0	0	2.67	0	1.12	1.0	22.2	19.8	0	0	-0.01338140
42424.78735	0	0.445	-0.41		0	26.9	7.19	0	0	0	2.67	0	1.12	1.0	22.2	19.8	0	0	-0.01288314
42424.78741	0	0.444	-0.41		0	26.9	7.19	0	0	0	2.67	0	1.12	1.0	22.2	19.8	0	0	-0.01239332
42424.78747	0	0.444	-0.41		0	26.9	7.19	0	0	0	2.67	0	1.12	1.0	22.2	19.8	0	0	-0.01191194
42424.78753	0	0.443	-0.41		0	26.9	7.19	0	0	0	2.67	0	1.12	1.0	22.2	19.8	0	0	-0.01144245
42424.78759	0	0.443	-0.40		0	26.9	7.19	0	0	0	2.67	0	1.12	1.0	22.2	19.8	0	0	-0.01097916
42424.78764	0	0.442	-0.41		0	26.9	7.19	0	0	0	2.67	0	1.12	1.0	22.2	19.8	0	0	-0.01052430
42424.78770	0	0.441	-0.41		0	26.9	7.19	0	0	0	2.67	0	1.12	1.0	22.2	19.9	0	0	-0.01008180
42424.78776	0	0.441	-0.41		0	26.9	7.19	0	0	0	2.67	0	1.12	1.0	22.2	19.9	0	0	-0.009651282
42424.78782	0	0.440	-0.41		0	26.9	7.19	0	0	0	2.67	0	1.12	1.0	22.2	19.9	0	0	-0.009229185
42424.78788	0	0.440	-0.41		0	26.9	7.19	0	0	0	2.67	0	1.12	1.0	22.2	19.9	0	0	-0.008815741
42424.78794	0	0.439	-0.41		0	26.9	7.19	0	0	0	2.67	0	1.12	1.0	22.2	19.9	0	0	-0.008412810
42424.78799	0	0.439	-0.40		0	26.8	7.19	0	0	0	2.67	0	1.12	1.0	22.2	19.9	0	0	-0.008020170
42424.78805	0	0.438	-0.41		0	26.8	7.19	0	0	0	2.67	0	1.12	1.0	22.2	19.9	0	0	-0.007637635
42424.78811	0	0.438	-0.41		0	26.8	7.19	0	0	0	2.67	0	1.12	1.0	22.2	19.9	0	0	-0.007262415
42424.78817	0	0.437	-0.41		0	26.8	7.19	0	0	0	2.67	0	1.12	1.0	22.2	19.9	0	0	-0.006901160
42424.78823	0	0.436	-0.40		0	26.8	7.19	0	0	0	2.67	0	1.12	1.0	22.2	19.9	0	0	-0.006549108
42424.78828	0	0.436	-0.41		0	26.8	7.19	0	0	0	2.67	0	1.12	1.0	22.2	19.9	0	0	-0.006210988
42424.78834	0	0.435	-0.41		0	26.8	7.19	0	0	0	2.67	0	1.12	1.0	22.2	20.0	0	0	-0.005883127
42424.78840	0	0.435	-0.41		0	26.8	7.19	0	0	0	2.67	0	1.12	1.0	22.2	20.0	0	0	-0.005564477
42424.78846	0	0.434	-0.41		0	26.8	7.19	0	0	0	2.67	0	1.12	1.0	22.2	20.0	0	0	-0.005257457
42424.78852	0	0.433	-0.41		0	26.8	7.19	0	0	0	2.67	0	1.12	1.0	22.2	20.0	0	0	-0.004962973
42424.78857	0	0.433	-0.39		0	26.8	7.19	0	0	0	2.67	0	1.12	1.0	22.2	20.0	0	0	-0.004680201
42424.78863	0	0.432	-0.41		0	26.8	7.19	0	0	0	2.67	0	1.12	1.0	22.2	20.0	0	0	-0.004406600
42424.78869	0	0.432	-0.41		0	26.8	7.19	0	0	0	2.67	0	1.12	1.0	22.2	20.0	0	0	-0.004148136
42424.78875	0	0.431	-0.41		0	26.8	7.19	0	0	0	2.67	0	1.12	1.0	22.2	20.0	0	0	-0.003899820
42424.78881	0	0.430	-0.41		0	26.8	7.19	0	0	0	2.67	0	1.12	1.0	22.2	20.0	0	0	-0.003662450
42424.78886	0	0.430	-0.41		0	26.8	7.19	0	0	0	2.67	0	1.12	1.0	22.2	20.0	0	0	-0.003418284
42424.78892	0	0.429	-0.41		0	26.8	7.19	0	0	0	2.67	0	1.12	1.0	22.2	20.0	0	0	-0.003189574
42424.78898	0	0.429	-0.41		0	26.8	7.19	0	0	0	2.67	0	1.12	1.0	22.2	20.0	0	0	-0.002994849
42424.78904	0	0.428	-0.40		0	26.7	7.19	0	0	0	2.67	0	1.12	1.0	22.2	20.0	0	0	-0.002814910
42424.78910	0	0.427	-0.41		0	26.7	7.19	0	0	0	2.67	0	1.12	1.0	22.2	20.0	0	0	-0.002649588
42424.78915	0	0.427	-0.41		0	26.7	7.19	0	0	0	2.67	0	1.12	1.0	22.2	20.0	0	0	-0.002497615
42424.78921	0	0.426	-0.41		0	26.7	7.19	0	0	0	2.67	0	1.12	1.0	22.2	20.0	0	0	-0.002361271
42424.78927	0	0.425	-0.41		0	26.7	7.19	0	0	0	2.67	0	1.12	1.0	22.2	20.0	0	0	-0.002235643
42424.78933	0	0.425	-0.41		0	26.7	7.20	0	0	0	2.67	0	1.12	1.0	22.2	20.0	0	0	-0.002124407
42424.78939	0	0.424	-0.41		0	26.7	7.20	0	0	0	2.67	0	1.12	1.0	22.2	20.0	0	0	-0.002021960
42424.78944	0	0.424	-0.40		0	26.7	7.20	0	0	0	2.67	0	1.12	1.0	22.2	20.1	0	0	-0.001926602
42424.78950	0	0.423	-0.41		0	26.7	7.20	0	0	0	2.67	0	1.12	1.0	22.2	20.1	0	0	-0.001836877
42424.78956	0	0.422	-0.41		0	26.7	7.20	0	0	0	2.67	0	1.12	1.0	22.2	20.1	0	0	-0.001751016
42424.78962	0	0.422	-0.40		0	26.7	7.20	0	0	0	2.67	0	1.12	1.0	22.2	20.1	0	0	-0.001667780
42424.78968	0	0.421	-0.41		0	26.6	7.20	0	0	0	2.67	0	1.12	1.0	22.2	20.1	0	0	-0.001587077
42424.78973	0	0.420	-0.41		0	26.6	7.20	0	0	0	2.67	0	1.12	1.0	22.2	20.1	0	0	-0.001509118
42424.78979	0	0.420	-0.41		0	26.6	7.20	0	0	0	2.67	0	1.12	1.0	22.2	20.1	0	0	-0.001432317
42424.78985	0	0.419	-0.41		0	26.6	7.20	0	0	0	2.67	0	1.12	1.0	22.2	20.1	0	0	-0.001357716
42424.78991	0	0.418	-0.41		0	26.6	7.20	0	0	0	2.67	0	1.12	1.0	22.2	20.1	0	0	-0.001284478
42424.78997	0	0.418	-0.41		0	26.6	7.20	0	0	0	2.67	0	1.12	1.0	22.2	20.1	0	0	-0.001212746
42424.79002	0	0.417	-0.40		0	26.6	7.20	0	0	0	2.67	0	1.12	1.0	22.2	20.1	0	0	-0.001142447
42424.79008	0	0.417	-0.41		0	26.6	7.20	0	0	0	2.67	0	1.12	1.0	22.2	20.1	0	0	-0.001073176
42424.79014	0	0.416	-0.41		0	26.6	7.20	0	0	0	2.67	0	1.12	1.0	22.2	20.1	0	0	-0.001005093
42424.79020	0	0.415	-0.41		0	26.5	7.20	0	0	0	2.67	0	1.12	1.0	22.2	20.1	0	0	-0.0009383055
42424.79026	0	0.415	-0.41		0	26.5	7.20	0	0	0	2.67	0	1.12	1.0	22.2	20.1	0	0	-0.0008730704
42424.79031	0	0.414	-0.41		0	26.5	7.20	0	0	0	2.67	0	1.12	1.0	22.2	20.1	0	0	-0.0008086156
42424.79037	0	0.414	-0.41		0	26.5	7.20	0	0	0	2.67	0	1.12	1.0	22.3	20.1	0	0	-0.0007450770
42424.79043	0	0.413	-0.41		0	26.5	7.20	0	0	0	2.67	0	1.12	1.0	22.3	20.1	0	0	-0.0006827925
42424.79049	0	0.412	-0.41		0	26.5	7.20	0	0	0	2.67	0	1.12	1.0	22.3	20.1	0	0	-0.0006210811
42424.79055	0	0.412	-0.41		0	26.5	7.20	0	0	0	2.67	0	1.12	1.0	22.3	20.1	0	0	-0.0005603049
42424.79060	0	0.411	-0.41		0	26.4	7.20	0	0	0	2.67	0	1.12	1.0	22.2	20.1	0	0	-0.0005006518
42424.79066	0	0.411	-0.41		0	26.4	7.20	0	0	0	2.67	0	1.12	1.0	22.2	20.1	0	0	-0.0004419191
42424.79072	0	0.410	-0.41		0	26.4	7.20	0	0	0	2.67	0	1.12	1.0	22.3	20.1	0	0	-0.0003840188
42424.79078	0	0.409	-0.41		0	26.4	7.20	0	0	0	2.67	0	1.12	1.0	22.3	20.1	0	0	-0.0003271050
42424.79084	0	0.409	-0.40		0	26.4	7.20	0	0	0	2.67	0	1.12	1.0	22.3	20.1	0	0	-0.0002709510
42424.79090	0	0.408	-0.41		0	26.4	7.20	0	0	0	2.67	0	1.12	1.0	22.3	20.1	0	0	-0.0002159432
42424.79095	0	0.407	-0.41		0	26.4	7.20	0	0	0	2.67	0	1.12	1.0	22.3	20.1	0	0	-0.0001614235
42424.79101	0	0.407	-0.41		0	26.4	7.20	0	0	0	2.67	0	1.12	1.0	22.3	20.1	0	0	-0.0001074829
42424.79107	0	0.406	-0.41		0	26.3	7.20	0	0	0	2.67	0	1.12	1.0	22.2	20.1	0	0	-5.424703e-05
42424.79113	0	0.406	-0.41		0	26.3	7.20	0	0	0	2.67	0	1.12	1.0	22.3	20.1	0	0	-1.781717e-06
42424.79119	0	0.405	-0.41		0	26.3	7.20	0	0	0	2.67	0	1.12	1.0	22.2	20.1	0	0	5.000773e-05
42424.79124	0	0.404	-0.40		0	26.3	7.20	0	0	0	2.67	0	1.12	1.0	22.2	20.1	0	0	0.0001009927
42424.79130	0	0.404	-0.41		0	26.3	7.20	0	0	0	2.67	0	1.12	1.0	22.3	20.1	0	0	0.0001510142
42424.79136	0	0.403	-0.40		0	26.3	7.20	0	0	0	2.67	0	1.12	1.0	22.3	20.1	0	0	0.0002007695
42424.79142	0	0.403	-0.41		0	26.2	7.20	0	0	0	2.67	0	1.12	1.0	22.3	20.1	0	0	0.0002503401
42424.79148	0	0.402	-0.41		0	26.2	7.20	0	0	0	2.67	0	1.12	1.0	22.3	20.1	0	0	0.0002992112
42424.79153	0	0.402	-0.40		0	26.2	7.20	0	0	0	2.67	0	1.12	1.0	22.3	20.1	0	0	0.0003475335
42424.79159	0	0.401	-0.41		0	26.2	7.20	0	0	0	2.67	0	1.12	1.0	22.3	20.1	0	0	0.0003953723
42424.79165	0	0.400	-0.41		0	26.2	7.20	0	0	0	2.67	0	1.12	1.0	22.3	20.1	0	0	0.0004424688
42424.79171	0	0.400	-0.41		0	26.2	7.20	0	0	0	2.67	0	1.12	1.0	22.3	20.1	0	0	0.0004891215
42424.79177	0	0.399	-0.41		0	26.1	7.20	0	0	0	2.67	0	1.12	1.0	22.3	20.1	0	0	0.0005351469
42424.79182	0	0.399	-0.41		0	26.1	7.20	0	0	0	2.67	0	1.12	1.0	22.3	20.1	0	0	0.0005808040
42424.79188	0	0.398	-0.41		0	26.1	7.20	0	0	0	2.67	0	1.12	1.0	22.3	20.1	0	0	0.0006264813
42424.79194	0	0.398	-0.41		0	26.1	7.20	0	0	0	2.67	0	1.12	1.0	22.3	20.1	0	0	0.0006717694
42424.79200	0	0.397	-0.41		0	26.1	7.20	0	0	0	2.67	0	1.12	1.0	22.3	20.1	0	0	0.0007164259
42424.79206	0	0.396	-0.41		0	26.1	7.20	0	0	0	2.67	0	1.12	1.0	22.3	20.1	0	0	0.0007608733
42424.79211	0	0.396	-0.41		0	26.0	7.20	0	0	0	2.67	0	1.12	1.0	22.3	20.0	0	0	0.0008047821
42424.79217	0	0.395	-0.40		0	26.0	7.20	0	0	0	2.67	0	1.12	1.0	22.3	20.0	0	0	0.0008480608
42424.79223	0	0.395	-0.41		0	26.0	7.20	0	0	0	2.67	0	1.12	1.0	22.3	20.0	0	0	0.0008911006
42424.79229	0	0.394	-0.40		0	26.0	7.20	0	0	0	2.67	0	1.12	1.0	22.3	20.0	0	0	0.0009338849
42424.79235	0	0.394	-0.41		0	26.0	7.20	0	0	0	2.67	0	1.12	1.0	22.3	20.0	0	0	0.0009761032
42424.79240	0	0.393	-0.40		0	26.0	7.20	0	0	0	2.67	0	1.12	1.0	22.3	20.0	0	0	0.001018105
42424.79246	0	0.393	-0.41		0	25.9	7.20	0	0	0	2.67	0	1.12	1.0	22.3	20.0	0	0	0.001059880
42424.79252	0	0.392	-0.40		0	25.9	7.20	0	0	0	2.67	0	1.12	1.0	22.3	20.0	0	0	0.001101212
42424.79258	0	0.392	-0.41		0	25.9	7.20	0	0	0	2.67	0	1.12	1.0	22.3	20.0	0	0	0.001141876
42424.79264	0	0.391	-0.41		0	25.9	7.20	0	0	0	2.67	0	1.12	1.0	22.3	20.0	0	0	0.001182220
42424.79269	0	0.390	-0.41		0	25.9	7.20	0	0	0	2.67	0	1.12	1.0	22.2	20.0	0	0	0.001222081
42424.79275	0	0.390	-0.41		0	25.8	7.20	0	0	0	2.67	0	1.12	1.0	22.2	20.0	0	0	0.001261843
42424.79281	0	0.389	-0.41		0	25.8	7.20	0	0	0	2.67	0	1.12	1.0	22.3	20.0	0	0	0.001305509
42424.79287	0	0.389	-0.41		0	25.8	7.20	0	0	0	2.67	0	1.12	1.0	22.3	20.0	0	0	0.001348931
42424.79293	0	0.388	-0.41		0	25.8	7.20	0	0	0	2.67	0	1.12	1.0	22.3	20.0	0	0	0.001388189
42424.79298	0	0.388	-0.41		0	25.8	7.20	0	0	0	2.67	0	1.12	1.0	22.3	20.0	0	0	0.001427293
42424.79304	0	0.387	-0.41		0	25.8	7.20	0	0	0	2.67	0	1.12	1.0	22.3	20.0	0	0	0.001466098
42424.79310	0	0.387	-0.41		0	25.7	7.20	0	0	0	2.67	0	1.12	1.0	22.3	20.0	0	0	0.001504611
42424.79316	0	0.386	-0.39		0	25.7	7.20	0	0	0	2.67	0	1.12	1.0	22.3	20.0	0	0	0.001543121
42424.79322	0	0.386	-0.41		0	25.7	7.20	0	0	0	2.67	0	1.12	1.0	22.3	20.0	0	0	0.001581634
42424.79328	0	0.385	-0.41		0	25.7	7.20	0	0	0	2.67	0	1.12	1.0	22.3	20.0	0	0	0.001619726
42424.79333	0	0.385	-0.41		0	25.6	7.20	0	0	0	2.67	0	1.12	1.0	22.3	20.0	0	0	0.001657522
42424.79339	0	0.384	-0.40		0	25.6	7.20	0	0	0	2.67	0	1.12	1.0	22.3	20.0	0	0	0.001695190
42424.79345	0	0.384	-0.41		0	25.6	7.20	0	0	0	2.67	0	1.12	1.0	22.3	20.0	0	0	0.001732593
42424.79351	0	0.383	-0.41		0	25.6	7.20	0	0	0	2.67	0	1.12	1.0	22.3	20.0	0	0	0.001769780
42424.79357	0	0.383	-0.41		0	25.6	7.20	0	0	0	2.67	0	1.12	1.0	22.3	20.0	0	0	0.001807075
42424.79362	0	0.382	-0.40		0	25.6	7.20	0	0	0	2.67	0	1.12	1.0	22.3	20.0	0	0	0.001844418
42424.79368	0	0.382	-0.41		0	25.5	7.20	0	0	0	2.67	0	1.12	1.0	22.3	20.0	0	0	0.001881372
42424.79374	0	0.381	-0.41		0	25.5	7.20	0	0	0	2.67	0	1.12	1.0	22.3	20.0	0	0	0.001917675
42424.79380	0	0.381	-0.41		0	25.5	7.20	0	0	0	2.67	0	1.12	1.0	22.3	20.0	0	0	0.001953822
42424.79386	0	0.380	-0.41		0	25.5	7.20	0	0	0	2.67	0	1.12	1.0	22.3	20.0	0	0	0.001989592
42424.79391	0	0.379	-0.41		0	25.4	7.20	0	0	0	2.67	0	1.12	1.0	22.3	20.0	0	0	0.002025073
42424.79397	0	0.379	-0.41		0	25.4	7.20	0	0	0	2.67	0	1.12	1.0	22.3	20.0	0	0	0.002060522
42424.79403	0	0.378	-0.41		0	25.4	7.20	0	0	0	2.67	0	1.12	1.0	22.3	20.0	0	0	0.002095905
42424.79409	0	0.378	-0.41		0	25.4	7.20	0	0	0	2.67	0	1.12	1.0	22.3	20.0	0	0	0.002131041
42424.79415	0	0.377	-0.41		0	25.4	7.20	0	0	0	2.67	0	1.12	1.0	22.3	20.0	0	0	0.002165892
42424.79420	0	0.377	-0.41		0	25.3	7.20	0	0	0	2.67	0	1.12	1.0	22.3	20.0	0	0	0.002200747
42424.79426	0	0.376	-0.41		0	25.3	7.20		0	0	2.67	0	1.12	1.0	22.3	20.0	0	0	0.002235125
42424.79432	0	0.376	-0.41		0	25.3	7.20	0.50	0	0	2.67	0	1.12	1.0	22.3	20.0	0	0	0.002269374
42424.79438	0	0.375	-0.40		0	25.3	7.20	0.50	0	0	2.67	0	1.12	1.0	22.3	20.0	0	0	0.002303271
42424.79444	0	0.375	-0.41		0	25.3	7.20	0.50	0	0	2.67	0	1.12	1.0	22.3	20.0	0	0	0.002336623
42424.79449	0	0.374	-0.41		0	25.2	7.20	0.50	0	0	2.67	0	1.12	1.0	22.3	19.9	0	0	0.002369660
42424.79455	0	0.374	-0.41		0	25.2	7.20	0.50	0	0	2.67	0	1.12	1.0	22.3	19.9	0	0	0.002402314
42424.79461	0	0.374	-0.41		0	25.2	7.20	0.50	0	0	2.67	0	1.12	1.0	22.3	19.9	0	0	0.002434636
42424.79467	0	0.373	-0.41		0	25.2	7.20	0.50	0	0	2.67	0	1.12	1.0	22.3	19.9	0	0	0.002466473
42424.79473	0	0.373	-0.41		0	25.2	7.20	0.50	0	0	2.67	0	1.12	1.0	22.3	19.9	0	0	0.002498054
42424.79478	0	0.372	-0.41		0	25.1	7.20	0.50	0	0	2.67	0	1.12	1.0	22.3	19.9	0	0	0.002528967
42424.79484	0	0.372	-0.41		0	25.1	7.19	0.50	0	0	2.67	0	1.12	1.0	22.3	19.9	0	0	0.002559694
42424.79490	0	0.371	-0.41		0	25.1	7.19	0.50	0	0	2.67	0	1.12	1.0	22.3	19.9	0	0	0.002590201
42424.79496	0	0.371	-0.41		0	25.1	7.19	0.50	0	0	2.67	0	1.12	1.0	22.3	19.9	0	0	0.002620726
42424.79502	0	0.370	-0.41		0	25.0	7.19	0.50	0	0	2.67	0	1.12	1.0	22.3	19.9	0	0	0.002650827
42424.79507	0	0.370	-0.41		0	25.0	7.19	0.50	0	0	2.67	0	1.12	1.0	22.3	19.9	0	0	0.002680423
42424.79513	0	0.369	-0.41		0	25.0	7.19	0.50	0	0	2.67	0	1.12	1.0	22.3	19.9	0	0	0.002709784
42424.79519	0	0.369	-0.41		0	25.0	7.19	0.50	0	0	2.67	0	1.12	1.0	22.2	19.9	0	0	0.002738833
42424.79525	0	0.368	-0.40		0	25.0	7.19	0.50	0	0	2.67	0	1.12	1.0	22.3	19.9	0	0	0.002767315
42424.79531	0	0.368	-0.41		0	24.9	7.19	0.50	0	0	2.67	0	1.12	1.0	22.3	19.9	0	0	0.002795518
42424.79537	0	0.367	-0.41		0	24.9	7.19	0.50	0	0	2.67	0	1.12	1.0	22.2	19.9	0	0	0.002823808
42424.79542	0	0.367	-0.41		0	24.9	7.19	0.50	0	0	2.67	0	1.12	1.0	22.3	19.9	0	0	0.002851579
42424.79548	0	0.366	-0.41		0	24.9	7.19	0.50	0	0	2.67	0	1.12	1.0	22.3	19.9	0	0	0.002878984
42424.79554	0	0.366	-0.41		0	24.8	7.19	0.50	0	0	2.67	0	1.12	1.0	22.3	19.9	0	0	0.002906344
42424.79560	0	0.365	-0.41		0	24.8	7.19	0.50	0	0	2.67	0	1.12	1.0	22.3	19.9	0	0	0.002933448
42424.79566	0	0.365	-0.41		0	24.8	7.19	0.50	0	0	2.67	0	1.12	1.0	22.3	19.9	0	0	0.002959980
42424.79571	0	0.364	-0.41		0	24.8	7.19	0.50	0	0	2.67	0	1.12	1.0	22.3	19.9	0	0	0.002985926
42424.79577	0	0.364	-0.41		0	24.8	7.19	0.50	0	0	2.67	0	1.12	1.0	22.3	19.9	0	0	0.003011650
42424.79583	0	0.363	-0.40		0	24.7	7.19	0.50	0	0	2.67	0	1.12	1.0	22.3	19.9	0	0	0.003036605
42424.79589	0	0.363	-0.41		0	24.7	7.19	0.50	0	0	2.67	0	1.12	1.0	22.3	19.9	0	0	0.003061316
42424.79595	0	0.362	-0.41		0	24.7	7.19	0.50	0	0	2.67	0	1.12	1.0	22.3	19.9	0	0	0.003085452
42424.79600	0	0.362	-0.41		0	24.7	7.19	0.50	0	0	2.67	0	1.12	1.0	22.3	19.9	0	0	0.003108970
42424.79606	0	0.361	-0.41		0	24.6	7.19	0.50	0	0	2.67	0	1.12	1.0	22.3	19.9	0	0	0.003132186
42424.79612	0	0.361	-0.40		0	24.6	7.19	0.50	0	0	2.67	0	1.12	1.0	22.3	19.8	0	0	0.003154890
42424.79618	0	0.360	-0.41		0	24.6	7.19	0.50	0	0	2.67	0	1.12	1.0	22.3	19.8	0	0	0.003177320
42424.79624	0	0.360	-0.40		0	24.6	7.19	0.50	0	0	2.67	0	1.12	1.0	22.3	19.8	0	0	0.003199313
42424.79629	0	0.359	-0.41		0	24.6	7.19	0.50	0	0	2.67	0	1.12	1.0	22.3	19.8	0	0	0.003221068
42424.79635	0	0.359	-0.41		0	24.5	7.19	0.50	0	0	2.67	0	1.12	1.0	22.3	19.8	0	0	0.003241574
42424.79641	0	0.358	-0.41		0	24.5	7.19	0.50	0	0	2.67	0	1.12	1.0	22.3	19.8	0	0	0.003262189
42424.79647	0	0.358	-0.41		0	24.5	7.19	0.50	0	0	2.67	0	1.12	1.0	22.3	19.8	0	0	0.003284890
42424.79653	0	0.358	-0.41		0	24.5	7.19	0.50	0	0	2.67	0	1.12	1.0	22.3	19.8	0	0	0.003307894
42424.79658	0	0.357	-0.40		0	24.4	7.19	0.50	0	0	2.67	0	1.12	1.0	22.3	19.8	0	0	0.003328733
42424.79664	0	0.357	-0.41		0	24.4	7.19	0.50	0	0	2.67	0	1.12	1.0	22.3	19.8	0	0	0.003348988
42424.79670	0	0.356	-0.41		0	24.4	7.19	0.50	0	0	2.67	0	1.12	1.0	22.3	19.8	0	0	0.003368986
42424.79676	0	0.356	-0.41		0	24.4	7.19	0.50	0	0	2.67	0	1.12	1.0	22.3	19.8	0	0	0.003388949
42424.79682	0	0.355	-0.41		0	24.3	7.19	0.50	0	0	2.67	0	1.12	1.0	22.3	19.8	0	0	0.003408473
42424.79687	0	0.355	-0.41		0	24.3	7.19	0.50	0	0	2.67	0	1.12	1.0	22.3	19.8	0	0	0.003427448
42424.79693	0	0.354	-0.41		0	24.3	7.19	0.50	0	0	2.67	0	1.12	1.0	22.3	19.8	0	0	0.003446278
42424.79699	0	0.354	-0.41		0	24.3	7.19	0.50	0	0	2.67	0	1.12	1.0	22.3	19.8	0	0	0.003464696
42424.79705	0	0.353	-0.41		0	24.3	7.19	0.50	0	0	2.67	0	1.12	1.0	22.3	19.8	0	0	0.003482800
42424.79711	0	0.353	-0.41		0	24.2	7.19	0.50	0	0	2.67	0	1.12	1.0	22.3	19.8	0	0	0.003500750
42424.79716	0	0.352	-0.41		0	24.2	7.19	0.50	0	0	2.67	0	1.12	1.0	22.3	19.8	0	0	0.003518195
42424.79722	0	0.352	-0.41		0	24.2	7.19	0.50	0	0	2.67	0	1.12	1.0	22.3	19.8	0	0	0.003535317
42424.79728	0	0.351	-0.41		0	24.2	7.19	0.50	0	0	2.67	0	1.12	1.0	22.3	19.8	0	0	0.003552082
42424.79734	0	0.351	-0.41		0	24.1	7.19	0.50	0	0	2.67	0	1.12	1.0	22.3	19.8	0	0	0.003568740
42424.79740	0	0.350	-0.41		0	24.1	7.19	0.50	0	0	2.67	0	1.12	1.0	22.3	19.8	0	0	0.003585132
42424.79745	0	0.350	-0.40		0	24.1	7.19	0.50	0	0	2.67	0	1.12	1.0	22.3	19.8	0	0	0.003601574
42424.79751	0	0.349	-0.41		0	24.1	7.19	0.50	0	0	2.67	0	1.12	1.0	22.3	19.8	0	0	0.003617615
42424.79757	0	0.349	-0.41		0	24.0	7.19	0.50	0	0	2.67	0	1.12	1.0	22.3	19.8	0	0	0.003633369
42424.79763	0	0.348	-0.41		0	24.0	7.19	0.50	0	0	2.67	0	1.12	1.0	22.3	19.8	0	0	0.003649058
42424.79769	0	0.348	-0.41		0	24.0	7.19	0.50	0	0	2.67	0	1.12	1.0	22.3	19.8	0	0	0.003664205
42424.79775	0	0.347	-0.40		0	24.0	7.19	0.50	0	0	2.67	0	1.12	1.0	22.3	19.7	0	0	0.003678696
42424.79780	0	0.347	-0.40		0	23.9	7.19	0.50	0	0	2.67	0	1.12	1.0	22.3	19.7	0	0	0.003692798
42424.79786	0	0.346	-0.41		0	23.9	7.19	0.50	0	0	2.67	0	1.12	1.0	22.3	19.7	0	0	0.003706639
42424.79792	0	0.346	-0.41		0	23.9	7.19	0.50	0	0	2.67	0	1.12	1.0	22.3	19.7	0	0	0.003720128
42424.79798	0	0.345	-0.41		0	23.9	7.19	0.50	0	0	2.67	0	1.12	1.0	22.3	19.7	0	0	0.003733665
42424.79804	0	0.345	-0.41		0	23.8	7.19	0.50	0	0	2.67	0	1.12	1.0	22.3	19.7	0	0	0.003746864
42424.79809	0	0.344	-0.41		0	23.8	7.19	0.50	0	0	2.67	0	1.12	1.0	22.3	19.7	0	0	0.003760095
42424.79815	0	0.344	-0.41		0	23.8	7.19	0.50	0	0	2.67	0	1.12	1.0	22.3	19.7	0	0	0.003773148
42424.79821	0	0.343	-0.41		0	23.8	7.19	0.50	0	0	2.67	0	1.12	1.0	22.3	19.7	0	0	0.003785604
42424.79827	0	0.343	-0.41		0	23.8	7.19	0.50	0	0	2.67	0	1.12	1.0	22.3	19.7	0	0	0.003797822
42424.79833	0	0.342	-0.41		0	23.7	7.19	0.50	0	0	2.67	0	1.12	1.0	22.3	19.7	0	0	0.003810111
42424.79838	0	0.342	-0.41		0	23.7	7.19	0.50	0	0	2.67	0	1.12	1.0	22.3	19.7	0	0	0.003822037
42424.79844	0	0.342	-0.41		0	23.7	7.19	0.50	0	0	2.67	0	1.12	1.0	22.3	19.7	0	0	0.003833500
42424.79850	0	0.341	-0.41		0	23.7	7.19	0.50	0	0	2.67	0	1.12	1.0	22.3	19.7	0	0	0.003844909
42424.79856	0	0.341	-0.41		0	23.6	7.19	0.50	0	0	2.67	0	1.12	1.0	22.3	19.7	0	0	0.003855925
42424.79862	0	0.340	-0.41		0	23.6	7.19	0.50	0	0	2.67	0	1.12	1.0	22.3	19.7	0	0	0.003866775
42424.79867	0	0.340	-0.41		0	23.6	7.19	0.50	0	0	2.67	0	1.12	1.0	22.3	19.7	0	0	0.003877926
42424.79873	0	0.339	-0.41		0	23.6	7.19	0.50	0	0	2.67	0	1.12	1.0	22.3	19.7	0	0	0.003888775
42424.79879	0	0.339	-0.41		0	23.5	7.19	0.50	0	0	2.67	0	1.12	1.0	22.3	19.7	0	0	0.003899768
42424.79885	0	0.338	-0.40		0	23.5	7.19	0.50	0	0	2.67	0	1.12	1.0	22.3	19.7	0	0	0.003910564
42424.79891	0	0.338	-0.40		0	23.5	7.19	0.50	0	0	2.67	0	1.12	1.0	22.3	19.7	0	0	0.003921110
42424.79896	0	0.337	-0.41		0	23.5	7.19	0.50	0	0	2.67	0	1.12	1.0	22.3	19.7	0	0	0.003931361
42424.79902	0	0.337	-0.41		0	23.5	7.19	0.50	0	0	2.67	0	1.12	1.0	22.3	19.7	0	0	0.003941178
42424.79908	0	0.336	-0.41		0	23.4	7.19	0.50	0	0	2.67	0	1.12	1.0	22.3	19.7	0	0	0.003951033
42424.79914	0	0.336	-0.41		0	23.4	7.19	0.50	0	0	2.67	0	1.12	1.0	22.3	19.7	0	0	0.003960544
42424.79920	0	0.336	-0.41		0	23.4	7.19	0.50	0	0	2.67	0	1.12	1.0	22.3	19.7	0	0	0.003970309
42424.79925	0	0.335	-0.41		0	23.4	7.19	0.50	0	0	2.67	0	1.12	1.0	22.3	19.6	0	0	0.003979734
42424.79931	0	0.335	-0.41		0	23.3	7.19	0.50	0	0	2.67	0	1.12	1.0	22.3	19.6	0	0	0.003988746
42424.79937	0	0.334	-0.41		0	23.3	7.19	0.50	0	0	2.67	0	1.12	1.0	22.3	19.6	0	0	0.003997749
42424.79943	0	0.334	-0.41		0	23.3	7.19	0.50	0	0	2.67	0	1.12	1.0	22.3	19.6	0	0	0.004006734
42424.79949	0	0.333	-0.41		0	23.3	7.19	0.50	0	0	2.67	0	1.12	1.0	22.3	19.6	0	0	0.004015308
42424.79954	0	0.333	-0.41		0	23.2	7.19	0.50	0	0	2.67	0	1.12	1.0	22.3	19.6	0	0	0.004023874
42424.79960	0	0.332	-0.41		0	23.2	7.19	0.50	0	0	2.67	0	1.12	1.0	22.3	19.6	0	0	0.004032016
42424.79966	0	0.332	-0.41		0	23.2	7.19	0.50	0	0	2.67	0	1.12	1.0	22.3	19.6	0	0	0.004040081
42424.79972	0	0.331	-0.41		0	23.2	7.19	0.50	0	0	2.67	0	1.12	1.0	22.3	19.6	0	0	0.004048275
42424.79978	0	0.331	-0.40		0	23.1	7.19	0.50	0	0	2.67	0	1.12	1.0	22.3	19.6	0	0	0.004056102
42424.79984	0	0.330	-0.41		0	23.1	7.19	0.50	0	0	2.67	0	1.12	1.0	22.3	19.6	0	0	0.004063826
42424.79989	0	0.330	-0.40		0	23.1	7.19	0.50	0	0	2.67	0	1.12	1.0	22.3	19.6	0	0	0.004071590
42424.79995	0	0.329	-0.41		0	23.1	7.19	0.50	0	0	2.67	0	1.12	1.0	22.3	19.6	0	0	0.004078920
42424.80001	0	0.329	-0.41		0	23.0	7.19	0.50	0	0	2.67	0	1.12	1.0	22.3	19.6	0	0	0.004085892
42424.80007	0	0.329	-0.41		0	23.0	7.19	0.50	0	0	2.67	0	1.12	1.0	22.3	19.6	0	0	0.004093013
42424.80013	0	0.328	-0.41		0	23.0	7.19	0.50	0	0	2.67	0	1.12	1.0	22.3	19.6	0	0	0.004099982
42424.80018	0	0.328	-0.41		0	23.0	7.19	0.50	0	0	2.67	0	1.12	1.0	22.3	19.6	0	0	0.004107276
42424.80024	0	0.327	-0.41		0	23.0	7.19	0.50	0	0	2.67	0	1.12	1.0	22.3	19.6	0	0	0.004114344
42424.80030	0	0.327	-0.41		0	22.9	7.19	0.50	0	0	2.67	0	1.12	1.0	22.3	19.6	0	0	0.004120368
42424.80036	0	0.326	-0.41		0	22.9	7.19	0.50	0	0	2.67	0	1.12	1.0	22.3	19.6	0	0	0.004126199
42424.80042	0	0.326	-0.40		0	22.9	7.19	0.50	0	0	2.67	0	1.12	1.0	22.3	19.6	0	0	0.004131433
42424.80047	0	0.325	-0.40		0	22.9	7.19	0.50	0	0	2.67	0	1.12	1.0	22.3	19.6	0	0	0.004136274
42424.80053	0	0.325	-0.41		0	22.9	7.19	0.50	0	0	2.67	0	1.12	1.0	22.3	19.6	0	0	0.004141067
42424.80059	0	0.325	-0.41		0	22.8	7.19	0.50	0	0	2.67	0	1.12	1.0	22.3	19.6	0	0	0.004145513
42424.80065	0	0.324	-0.41		0	22.8	7.19	0.50	0	0	2.67	0	1.12	1.0	22.3	19.6	0	0	0.004149920
42424.80071	0	0.324	-0.41		0	22.8	7.19	0.50	0	0	2.67	0	1.12	1.0	22.3	19.6	0	0	0.004154027
42424.80076	0	0.323	-0.41		0	22.8	7.19	0.50	0	0	2.67	0	1.12	1.0	22.3	19.6	0	0	0.004158364
42424.80082	0	0.323	-0.41		0	22.7	7.19	0.50	0	0	2.67	0	1.12	1.0	22.3	19.6	0	0	0.004162672
42424.80088	0	0.322	-0.41		0	22.7	7.19	0.50	0	0	2.67	0	1.12	1.0	22.3	19.6	0	0	0.004166763
42424.80094	0	0.322	-0.41		0	22.7	7.19	0.50	0	0	2.67	0	1.12	1.0	22.3	19.6	0	0	0.004171156
42424.80100	0	0.321	-0.41		0	22.7	7.19	0.50	0	0	2.67	0	1.12	1.0	22.3	19.6	0	0	0.004175191
42424.80105	0	0.321	-0.41		0	22.6	7.19	0.50	0	0	2.67	0	1.12	1.0	22.3	19.6	0	0	0.004178840
42424.80111	0	0.320	-0.41		0	22.6	7.19	0.50	0	0	2.67	0	1.12	1.0	22.3	19.6	0	0	0.004182513
42424.80117	0	0.320	-0.41		0	22.6	7.19	0.50	0	0	2.67	0	1.12	1.0	22.3	19.7	0	0	0.004185913
42424.80123	0	0.320	-0.40		0	22.6	7.19	0.50	0	0	2.67	0	1.12	1.0	22.3	19.7	0	0	0.004189257
42424.80129	0	0.319	-0.41		0	22.5	7.19	0.50	0	0	2.67	0	1.12	1.0	22.3	19.7	0	0	0.004192340
42424.80134	0	0.319	-0.40		0	22.5	7.19	0.50	0	0	2.67	0	1.12	1.0	22.3	19.7	0	0	0.004194865
42424.80140	0	0.318	-0.41		0	22.5	7.19	0.50	0	0	2.67	0	1.12	1.0	22.3	19.7	0	0	0.004196990
42424.80146	0	0.318	-0.41		0	22.5	7.19	0.50	0	0	2.67	0	1.12	1.0	22.2	19.7	0	0	0.004199024
42424.80152	0	0.317	-0.41		0	22.5	7.19	0.50	0	0	2.67	0	1.12	1.0	22.2	19.7	0	0	0.004200461
42424.80158	0	0.317	-0.41		0	22.4	7.19	0.50	0	0	2.67	0	1.12	1.0	22.3	19.7	0	0	0.004201443
42424.80163	0	0.316	-0.40		0	22.4	7.19	0.50	0	0	2.67	0	1.12	1.0	22.3	19.7	0	0	0.004202245
42424.80169	0	0.316	-0.40		0	22.4	7.19	0.50	0	0	2.67	0	1.12	1.0	22.3	19.7	0	0	0.004202610
42424.80175	0	0.316	-0.41		0	22.4	7.19	0.50	0	0	2.67	0	1.12	1.0	22.3	19.7	0	0	0.004202561
42424.80181	0	0.315	-0.41		0	22.4	7.19	0.50	0	0	2.67	0	1.12	1.0	22.3	19.7	0	0	0.004202578
42424.80187	0	0.315	-0.41		0	22.3	7.19	0.50	0	0	2.67	0	1.12	1.0	22.3	19.7	0	0	0.004202297
42424.80192	0	0.314	-0.41		0	22.3	7.19	0.50	0	0	2.67	0	1.12	1.0	22.3	19.7	0	0	0.004201855
42424.80198	0	0.314	-0.40		0	22.3	7.19	0.50	0	0	2.67	0	1.12	1.0	22.3	19.8	0	0	0.004201000
42424.80204	0	0.313	-0.41		0	22.3	7.19	0.50	0	0	2.67	0	1.12	1.0	22.3	19.8	0	0	0.004199983
42424.80210	0	0.313	-0.41		0	22.3	7.19	0.50	0	0	2.67	0	1.12	1.0	22.3	19.8	0	0	0.004198938
42424.80216	0	0.312	-0.41		0	22.2	7.19	0.50	0	0	2.67	0	1.12	1.0	22.3	19.8	0	0	0.004197425
42424.80222	0	0.312	-0.41		0	22.2	7.19	0.50	0	0	2.67	0	1.12	1.0	22.3	19.8	0	0	0.004195834
42424.80227	0	0.311	-0.41		0	22.2	7.19	0.50	0	0	2.67	0	1.12	1.0	22.3	19.8	0	0	0.004194042
42424.80233	0	0.311	-0.41		0	22.2	7.19	0.50	0	0	2.67	0	1.12	1.0	22.3	19.8	0	0	0.004192208
42424.80239	0	0.311	-0.41		0	22.2	7.19	0.50	0	0	2.67	0	1.12	1.0	22.3	19.8	0	0	0.004189921
42424.80245	0	0.310	-0.41		0	22.1	7.19	0.50	0	0	2.67	0	1.12	1.0	22.3	19.8	0	0	0.004187113
42424.80251	0	0.310	-0.41		0	22.1	7.19	0.50	0	0	2.67	0	1.12	1.0	22.3	19.8	0	0	0.004184667
42424.80256	0	0.309	-0.41		0	22.1	7.19	0.50	0	0	2.67	0	1.12	1.0	22.3	19.8	0	0	0.004182145
42424.80262	0	0.309	-0.41		0	22.1	7.19	0.50	0	0	2.67	0	1.12	1.0	22.3	19.8	0	0	0.004179407
42424.80268	0	0.308	-0.41		0	22.0	7.19	0.50	0	0	2.67	0	1.12	1.0	22.3	19.8	0	0	0.004176668
42424.80274	0	0.308	-0.41		0	22.0	7.19	0.50	0	0	2.67	0	1.12	1.0	22.3	19.8	0	0	0.004173445
42424.80280	0	0.307	-0.41		0	22.0	7.19	0.50	0	0	2.67	0	1.12	1.0	22.3	19.8	0	0	0.004170233
42424.80285	0	0.307	-0.41		0	22.0	7.19	0.50	0	0	2.67	0	1.12	1.0	22.3	19.8	0	0	0.004166737
42424.80291	0	0.306	-0.41		0	22.0	7.19	0.50	0	0	2.67	0	1.12	1.0	22.3	19.9	0	0	0.004163006
42424.80297	0	0.306	-0.41		0	21.9	7.19	0.50	0	0	2.67	0	1.12	1.0	22.3	19.9	0	0	0.004159107
42424.80303	0	0.305	-0.41		0	21.9	7.19	0.50	0	0	2.67	0	1.12	1.0	22.3	19.9	0	0	0.004155318
42424.80309	0	0.305	-0.41		0	21.9	7.19	0.50	0	0	2.67	0	1.12	1.0	22.3	19.9	0	0	0.004151084
42424.80314	0	0.304	-0.41		0	21.9	7.19	0.50	0	0	2.67	0	1.12	1.0	22.3	19.9	0	0	0.004146731
42424.80320	0	0.304	-0.41		0	21.9	7.19	0.50	0	0	2.67	0	1.12	1.0	22.3	19.9	0	0	0.004142885
42424.80326	0	0.303	-0.41		0	21.8	7.19	0.50	0	0	2.67	0	1.12	1.0	22.3	19.9	0	0	0.004139133
42424.80332	0	0.303	-0.41		0	21.8	7.19	0.50	0	0	2.67	0	1.12	1.0	22.3	19.9	0	0	0.004135325
42424.80338	0	0.302	-0.41		0	21.8	7.19	0.50	0	0	2.67	0	1.12	1.0	22.3	19.9	0	0	0.004131705
42424.80343	0	0.302	-0.41		0	21.8	7.19	0.50	0	0	2.67	0	1.12	1.0	22.3	19.9	0	0	0.004127926
42424.80349	0	0.301	-0.41		0	21.7	7.19	0.50	0	0	2.67	0	1.12	1.0	22.3	19.9	0	0	0.004124377
42424.80355	0	0.301	-0.41		0	21.7	7.19	0.50	0	0	2.67	0	1.12	1.0	22.3	19.9	0	0	0.004120586
42424.80361	0	0.300	-0.41		0	21.7	7.19	0.50	0	0	2.67	0	1.12	1.0	22.3	19.9	0	0	0.004116705
42424.80367	0	0.300	-0.41		0	21.7	7.19	0.50	0	0	2.67	0	1.12	1.0	22.3	19.9	0	0	0.004112839
42424.80372	0	0.299	-0.41		0	21.7	7.19	0.50	0	0	2.67	0	1.12	1.0	22.3	19.9	0	0	0.004108717
42424.80378	0	0.299	-0.41		0	21.6	7.19	0.50	0	0	2.67	0	1.12	1.0	22.3	19.9	0	0	0.004104798
42424.80384	0	0.298	-0.41		0	21.6	7.19	0.50	0	0	2.67	0	1.12	1.0	22.3	19.9	0	0	0.004100443
42424.80390	0	0.298	-0.41		0	21.6	7.19	0.50	0	0	2.67	0	1.12	1.0	22.3	19.9	0	0	0.004096317
42424.80396	0	0.297	-0.41		0	21.6	7.19	0.50	0	0	2.67	0	1.12	1.0	22.3	19.9	0	0	0.004092220
42424.80401	0	0.297	-0.40		0	21.5	7.19	0.50	0	0	2.67	0	1.12	1.0	22.3	19.9	0	0	0.004088040
42424.80407	0	0.296	-0.40		0	21.5	7.19	0.50	0	0	2.67	0	1.12	1.0	22.3	19.9	0	0	0.004084279
42424.80413	0	0.296	-0.41		0	21.5	7.19	0.50	0	0	2.67	0	1.12	1.0	22.3	19.9	0	0	0.004080211
42424.80419	0	0.295	-0.41		0	21.5	7.19	0.50	0	0	2.67	0	1.12	1.0	22.3	19.9	0	0	0.004076106
42424.80425	0	0.295	-0.41		0	21.5	7.19	0.50	0	0	2.67	0	1.12	1.0	22.3	19.9	0	0	0.004072273
42424.80431	0	0.294	-0.41		0	21.4	7.19	0.50	0	0	2.67	0	1.12	1.0	22.3	19.9	0	0	0.004068361
42424.80436	0	0.294	-0.41		0	21.4	7.19	0.50	0	0	2.67	0	1.12	1.0	22.3	19.9	0	0	0.004064969
42424.80442	0	0.293	-0.41		0	21.4	7.19	0.50	0	0	2.67	0	1.12	1.0	22.3	19.9	0	0	0.004061664
42424.80448	0	0.293	-0.41		0	21.4	7.19	0.50	0	0	2.67	0	1.12	1.0	22.3	19.9	0	0	0.004058408
42424.80454	0	0.292	-0.41		0	21.3	7.19	0.50	0	0	2.67	0	1.12	1.0	22.3	19.9	0	0	0.004055418
42424.80460	0	0.292	-0.41		0	21.3	7.19	0.50	0	0	2.67	0	1.12	1.0	22.3	19.9	0	0	0.004052663
42424.80465	0	0.291	-0.41		0	21.3	7.19	0.50	0	0	2.67	0	1.12	1.0	22.3	19.9	0	0	0.004049621
42424.80471	0	0.291	-0.41		0	21.3	7.19	0.50	0	0	2.67	0	1.12	1.0	22.3	19.9	0	0	0.004046642
42424.80477	0	0.290	-0.41		0	21.2	7.19	0.50	0	0	2.67	0	1.12	1.0	22.3	19.9	0	0	0.004044064
42424.80483	0	0.290	-0.41		0	21.2	7.19	0.50	0	0	2.67	0	1.12	1.0	22.3	19.9	0	0	0.004041246
42424.80489	0	0.289	-0.41		0	21.2	7.19	0.50	0	0	2.67	0	1.12	1.0	22.3	19.9	0	0	0.004038582
42424.80494	0	0.289	-0.41		0	21.2	7.19	0.50	0	0	2.67	0	1.12	1.0	22.3	19.9	0	0	0.004036254
42424.80500	0	0.288	-0.41		0	21.1	7.19	0.50	0	0	2.67	0	1.12	1.0	22.3	19.9	0	0	0.004033935
42424.80506	0	0.288	-0.41		0	21.1	7.19	0.50	0	0	2.67	0	1.12	1.0	22.3	19.9	0	0	0.004031861
42424.80512	0	0.287	-0.41		0	21.1	7.19	0.50	0	0	2.67	0	1.12	1.0	22.3	19.9	0	0	0.004030122
42424.80518	0	0.287	-0.41		0	21.1	7.19	0.50	0	0	2.67	0	1.12	1.0	22.3	19.9	0	0	0.004028211
42424.80523	0	0.286	-0.41		0	21.1	7.19	0.50	0	0	2.67	0	1.12	1.0	22.3	19.9	0	0	0.004026686
42424.80529	0	0.286	-0.41		0	21.0	7.19	0.50	0	0	2.67	0	1.12	1.0	22.3	19.9	0	0	0.004025051
42424.80535	0	0.285	-0.41		0	21.0	7.19	0.50	0	0	2.67	0	1.12	1.0	22.3	19.9	0	0	0.004023416
42424.80541	0	0.285	-0.41		0	21.0	7.19	0.50	0	0	2.67	0	1.12	1.0	22.3	19.9	0	0	0.004021861
42424.80547	0	0.284	-0.41		0	21.0	7.19	0.50	0	0	2.67	0	1.12	1.0	22.3	19.9	0	0	0.004020825
42424.80552	0	0.284	-0.41		0	20.9	7.19	0.50	0	0	2.67	0	1.12	1.0	22.3	19.9	0	0	0.004019895
42424.80558	0	0.283	-0.41		0	20.9	7.19	0.50	0	0	2.67	0	1.12	1.0	22.3	19.9	0	0	0.004019232
42424.80564	0	0.283	-0.41		0	20.9	7.19	0.50	0	0	2.67	0	1.12	1.0	22.3	19.9	0	0	0.004019251
42424.80570	0	0.283	-0.41		0	20.9	7.19	0.50	0	0	2.67	0	1.12	1.0	22.3	19.9	0	0	0.004019194
42424.80576	0	0.282	-0.41		0	20.8	7.19	0.50	0	0	2.67	0	1.12	1.0	22.3	19.9	0	0	0.004019450
42424.80581	0	0.282	-0.41		0	20.8	7.19	0.50	0	0	2.67	0	1.12	1.0	22.3	19.9	0	0	0.004020398
42424.80587	0	0.281	-0.41		0	20.8	7.19	0.50	0	0	2.67	0	1.12	1.0	22.3	19.9	0	0	0.004021402
42424.80593	0	0.281	-0.41		0	20.8	7.19	0.50	0	0	2.67	0	1.12	1.0	22.3	19.9	0	0	0.004022527
42424.80599	0	0.280	-0.41		0	20.7	7.19	0.50	0	0	2.67	0	1.12	1.0	22.3	19.9	0	0	0.004023644
42424.80605	0	0.280	-0.41		0	20.7	7.19	0.50	0	0	2.67	0	1.12	1.0	22.3	19.9	0	0	0.004024896
42424.80610	0	0.279	-0.41		0	20.7	7.19	0.50	0	0	2.67	0	1.12	1.0	22.3	19.9	0	0	0.004026677
42424.80616	0	0.279	-0.41		0	20.7	7.19	0.50	0	0	2.67	0	1.12	1.0	22.3	19.9	0	0	0.004029006
42424.80622	0	0.278	-0.41		0	20.6	7.19	0.50	0	0	2.67	0	1.12	1.0	22.3	19.9	0	0	0.004031309
42424.80628	0	0.278	-0.41		0	20.6	7.19	0.50	0	0	2.67	0	1.12	1.0	22.3	19.9	0	0	0.004033813
42424.80634	0	0.277	-0.41		0	20.6	7.19	0.50	0	0	2.67	0	1.12	1.0	22.3	19.8	0	0	0.004036932
42424.80639	0	0.277	-0.41		0	20.6	7.19	0.50	0	0	2.67	0	1.12	1.0	22.3	19.8	0	0	0.004040108
42424.80645	0	0.277	-0.41		0	20.5	7.19	0.50	0	0	2.67	0	1.12	1.0	22.3	19.8	0	0	0.004043587
42424.80651	0	0.276	-0.41		0	20.5	7.19	0.50	0	0	2.67	0	1.12	1.0	22.3	19.8	0	0	0.004047562
42424.80657	0	0.276	-0.41		0	20.5	7.19	0.50	0	0	2.67	0	1.12	1.0	22.3	19.8	0	0	0.004051595
42424.80663	0	0.275	-0.41		0	20.5	7.19	0.50	0	0	2.67	0	1.12	1.0	22.3	19.8	0	0	0.004055929
42424.80669	0	0.275	-0.41		0	20.4	7.19	0.50	0	0	2.67	0	1.12	1.0	22.3	19.8	0	0	0.004060685
42424.80674	0	0.274	-0.41		0	20.4	7.19	0.50	0	0	2.67	0	1.12	1.0	22.3	19.8	0	0	0.004065460
42424.80680	0	0.274	-0.41		0	20.4	7.19	0.50	0	0	2.67	0	1.12	1.0	22.3	19.8	0	0	0.004070796
42424.80686	0	0.273	-0.41		0	20.4	7.19	0.50	0	0	2.67	0	1.12	1.0	22.3	19.8	0	0	0.004076388
42424.80692	0	0.273	-0.41		0	20.3	7.19	0.50	0	0	2.67	0	1.12	1.0	22.3	19.8	0	0	0.004082399
42424.80698	0	0.273	-0.40		0	20.3	7.19	0.50	0	0	2.67	0	1.12	1.0	22.3	19.8	0	0	0.004088608
42424.80703	0	0.272	-0.40		0	20.3	7.19	0.50	0	0	2.67	0	1.12	1.0	22.3	19.8	0	0	0.004095214
42424.80709	0	0.272	-0.41		0	20.3	7.19	0.50	0	0	2.67	0	1.12	1.0	22.3	19.8	0	0	0.004101598
42424.80715	0	0.271	-0.41		0	20.2	7.19	0.50	0	0	2.67	0	1.12	1.0	22.3	19.8	0	0	0.004107963
42424.80721	0	0.271	-0.41		0	20.2	7.19	0.50	0	0	2.67	0	1.12	1.0	22.3	19.8	0	0	0.004114810
42424.80727	0	0.270	-0.41		0	20.2	7.19	0.50	0	0	2.67	0	1.12	1.0	22.3	19.8	0	0	0.004121433
42424.80732	0	0.270	-0.41		0	20.2	7.19	0.50	0	0	2.67	0	1.12	1.0	22.3	19.8	0	0	0.004128015
42424.80738	0	0.269	-0.41		0	20.1	7.19	0.50	0	0	2.67	0	1.12	1.0	22.3	19.8	0	0	0.004134894
42424.80744	0	0.269	-0.41		0	20.1	7.19	0.50	0	0	2.67	0	1.12	1.0	22.3	19.8	0	0	0.004141772
42424.80750	0	0.269	-0.41		0	20.1	7.19	0.50	0	0	2.67	0	1.12	1.0	22.3	19.8	0	0	0.004148930
42424.80756	0	0.268	-0.41		0	20.1	7.19	0.50	0	0	2.67	0	1.12	1.0	22.3	19.8	0	0	0.004156328
42424.80761	0	0.268	-0.41		0	20.0	7.19	0.50	0	0	2.67	0	1.12	1.0	22.3	19.8	0	0	0.004164654
42424.80767	0	0.267	-0.41		0	20.0	7.19	0.50	0	0	2.67	0	1.12	1.0	22.3	19.8	0	0	0.004173750
42424.80773	0	0.267	-0.40		0	20.0	7.19	0.50	0	0	2.67	0	1.12	1.0	22.3	19.8	0	0	0.004182181
42424.80779	0	0.266	-0.41		0	20.0	7.19	0.50	0	0	2.67	0	1.12	1.0	22.3	19.8	0	0	0.004190841
42424.80785	0	0.266	-0.40		0	19.9	7.20	0.50	0	0	2.67	0	1.12	1.0	22.3	19.8	0	0	0.004199688
42424.80790	0	0.266	-0.41		0	19.9	7.20	0.50	0	0	2.67	0	1.12	1.0	22.3	19.8	0	0	0.004208931
42424.80796	0	0.265	-0.41		0	19.9	7.20	0.50	0	0	2.67	0	1.12	1.0	22.3	19.8	0	0	0.004218007
42424.80802	0	0.265	-0.41		0	19.9	7.20	0.50	0	0	2.67	0	1.12	1.0	22.3	19.8	0	0	0.004227370
42424.80808	0	0.264	-0.41		0	19.8	7.20	0.50	0	0	2.67	0	1.12	1.0	22.3	19.8	0	0	0.004236958
42424.80814	0	0.264	-0.41		0	19.8	7.20	0.50	0	0	2.67	0	1.12	1.0	22.3	19.8	0	0	0.004246745
42424.80819	0	0.263	-0.41		0	19.8	7.20	0.50	0	0	2.67	0	1.12	1.0	22.3	19.7	0	0	0.004256284
42424.80825	0	0.263	-0.41		0	19.8	7.20	0.50	0	0	2.67	0	1.12	1.0	22.3	19.7	0	0	0.004266047
42424.80831	0	0.263	-0.41		0	19.7	7.20	0.50	0	0	2.67	0	1.12	1.0	22.3	19.7	0	0	0.004275759
42424.80837	0	0.262	-0.41		0	19.7	7.20	0.50	0	0	2.67	0	1.12	1.0	22.3	19.7	0	0	0.004285602
42424.80843	0	0.262	-0.41		0	19.7	7.20	0.50	0	0	2.67	0	1.12	1.0	22.3	19.7	0	0	0.004295224
42424.80848	0	0.261	-0.41		0	19.7	7.20	0.50	0	0	2.67	0	1.12	1.0	22.3	19.7	0	0	0.004304758
42424.80854	0	0.261	-0.41		0	19.6	7.20	0.50	0	0	2.67	0	1.12	1.0	22.3	19.7	0	0	0.004314390
42424.80860	0	0.260	-0.41		0	19.6	7.20	0.50	0	0	2.67	0	1.12	1.0	22.3	19.7	0	0	0.004324083
42424.80866	0	0.260	-0.41		0	19.6	7.20	0.50	0	0	2.67	0	1.12	1.0	22.3	19.7	0	0	0.004333681
42424.80872	0	0.259	-0.41		0	19.6	7.20	0.50	0	0	2.67	0	1.12	1.0	22.3	19.7	0	0	0.004343121
42424.80878	0	0.259	-0.41		0	19.5	7.20	0.50	0	0	2.67	0	1.12	1.0	22.3	19.7	0	0	0.004352828
42424.80883	0	0.259	-0.41		0	19.5	7.20	0.50	0	0	2.67	0	1.12	1.0	22.3	19.7	0	0	0.004362329
42424.80889	0	0.258	-0.40		0	19.5	7.20	0.50	0	0	2.67	0	1.12	1.0	22.3	19.7	0	0	0.004371626
42424.80895	0	0.258	-0.41		0	19.5	7.20	0.50	0	0	2.67	0	1.12	1.0	22.3	19.7	0	0	0.004381133
42424.80901	0	0.257	-0.41		0	19.4	7.20	0.50	0	0	2.67	0	1.12	1.0	22.3	19.7	0	0	0.004390284
42424.80907	0	0.257	-0.41		0	19.4	7.20	0.50	0	0	2.67	0	1.12	1.0	22.3	19.7	0	0	0.004399137
42424.80912	0	0.256	-0.41		0	19.4	7.20	0.50	0	0	2.67	0	1.12	1.0	22.3	19.7	0	0	0.004408048
42424.80918	0	0.256	-0.41		0	19.3	7.20	0.50	0	0	2.67	0	1.12	1.0	22.3	19.7	0	0	0.004416760
42424.80924	0	0.256	-0.40		0	19.3	7.20	0.50	0	0	2.67	0	1.12	1.0	22.3	19.7	0	0	0.004425768
42424.80930	0	0.255	-0.41		0	19.3	7.20	0.50	0	0	2.67	0	1.12	1.0	22.3	19.7	0	0	0.004434412
42424.80936	0	0.255	-0.41		0	19.3	7.20	0.50	0	0	2.67	0	1.12	1.0	22.3	19.7	0	0	0.004442819
42424.80941	0	0.254	-0.41		0	19.2	7.20	0.50	0	0	2.67	0	1.12	1.0	22.3	19.6	0	0	0.004451000
42424.80947	0	0.254	-0.41		0	19.2	7.20	0.50	0	0	2.67	0	1.12	1.0	22.3	19.6	0	0	0.004459489
42424.80953	0	0.254	-0.41		0	19.2	7.20	0.50	0	0	2.67	0	1.12	1.0	22.3	19.6	0	0	0.004467667
42424.80959	0	0.253	-0.41		0	19.2	7.20	0.50	0	0	2.67	0	1.12	1.0	22.3	19.6	0	0	0.004475894
42424.80965	0	0.253	-0.41		0	19.1	7.20	0.50	0	0	2.67	0	1.12	1.0	22.3	19.6	0	0	0.004484077
42424.80970	0	0.252	-0.41		0	19.1	7.20	0.50	0	0	2.67	0	1.12	1.0	22.3	19.6	0	0	0.004492126
42424.80976	0	0.252	-0.41		0	19.1	7.20	0.50	0	0	2.67	0	1.12	1.0	22.3	19.6	0	0	0.004499835
42424.80982	0	0.251	-0.41		0	19.1	7.20	0.50	0	0	2.67	0	1.12	1.0	22.2	19.6	0	0	0.004507696
42424.80988	0	0.251	-0.41		0	19.0	7.20	0.50	0	0	2.67	0	1.12	1.0	22.3	19.6	0	0	0.004515365
42424.80994	0	0.251	-0.41		0	19.0	7.20	0.50	0	0	2.67	0	1.12	1.0	22.3	19.6	0	0	0.004523002
42424.80999	0	0.250	-0.41		0	19.0	7.20	0.50	0	0	2.67	0	1.12	1.0	22.3	19.6	0	0	0.004530314
42424.81005	0	0.250	-0.41		0	19.0	7.20	0.50	0	0	2.67	0	1.12	1.0	22.3	19.6	0	0	0.004537475
42424.81011	0	0.249	-0.41		0	18.9	7.20	0.50	0	0	2.67	0	1.12	1.0	22.3	19.6	0	0	0.004544846
42424.81017	0	0.249	-0.40		0	18.9	7.20	0.50	0	0	2.67	0	1.12	1.0	22.3	19.6	0	0	0.004552440
42424.81023	0	0.249	-0.40		0	18.9	7.20	0.50	0	0	2.67	0	1.12	1.0	22.3	19.6	0	0	0.004559857
42424.81028	0	0.248	-0.41		0	18.9	7.20	0.50	0	0	2.67	0	1.12	1.0	22.3	19.6	0	0	0.004566953
42424.81034	0	0.248	-0.41		0	18.8	7.20	0.50	0	0	2.67	0	1.12	1.0	22.3	19.6	0	0	0.004574171
42424.81040	0	0.247	-0.41		0	18.8	7.20	0.50	0	0	2.67	0	1.12	1.0	22.3	19.6	0	0	0.004581103
42424.81046	0	0.247	-0.40		0	18.8	7.20	0.50	0	0	2.67	0	1.12	1.0	22.3	19.6	0	0	0.004587764
42424.81052	0	0.246	-0.41		0	18.8	7.20	0.50	0	0	2.67	0	1.12	1.0	22.3	19.6	0	0	0.004594555
42424.81057	0	0.246	-0.41		0	18.7	7.20	0.50	0	0	2.67	0	1.12	1.0	22.3	19.6	0	0	0.004600859
42424.81063	0	0.246	-0.41		0	18.7	7.20	0.50	0	0	2.67	0	1.12	1.0	22.3	19.6	0	0	0.004606740
42424.81069	0	0.245	-0.41		0	18.7	7.20	0.50	0	0	2.67	0	1.12	1.0	22.3	19.6	0	0	0.004612737
42424.81075	0	0.245	-0.41		0	18.7	7.20	0.50	0	0	2.67	0	1.12	1.0	22.3	19.6	0	0	0.004618527
42424.81081	0	0.244	-0.41		0	18.6	7.20	0.50	0	0	2.67	0	1.12	1.0	22.3	19.6	0	0	0.004624685
42424.81086	0	0.244	-0.41		0	18.6	7.20	0.50	0	0	2.67	0	1.12	1.0	22.3	19.6	0	0	0.004630585
42424.81092	0	0.244	-0.41		0	18.6	7.20	0.50	0	0	2.67	0	1.12	1.0	22.3	19.6	0	0	0.004636166
42424.81098	0	0.243	-0.41		0	18.5	7.20	0.50	0	0	2.67	0	1.12	1.0	22.3	19.5	0	0	0.004641454
42424.81104	0	0.243	-0.41		0	18.5	7.20	0.50	0	0	2.67	0	1.12	1.0	22.3	19.5	0	0	0.004646837
42424.81110	0	0.242	-0.41		0	18.5	7.20	0.50	0	0	2.67	0	1.12	1.0	22.3	19.5	0	0	0.004651757
42424.81116	0	0.242	-0.41		0	18.5	7.20	0.50	0	0	2.67	0	1.12	1.0	22.3	19.5	0	0	0.004656619
42424.81121	0	0.242	-0.41		0	18.5	7.20	0.50	0	0	2.67	0	1.12	1.0	22.3	19.5	0	0	0.004661381
42424.81127	0	0.241	-0.41		0	18.4	7.20	0.50	0	0	2.67	0	1.12	1.0	22.3	19.5	0	0	0.004666567
42424.81133	0	0.241	-0.41		0	18.4	7.20	0.50	0	0	2.67	0	1.12	1.0	22.3	19.5	0	0	0.004671563
42424.81139	0	0.240	-0.40		0	18.4	7.20	0.50	0	0	2.67	0	1.12	1.0	22.3	19.5	0	0	0.004676298
42424.81145	0	0.240	-0.41		0	18.3	7.20	0.50	0	0	2.67	0	1.12	1.0	22.3	19.5	0	0	0.004680874
42424.81150	0	0.240	-0.41		0	18.3	7.20	0.50	0	0	2.67	0	1.12	1.0	22.3	19.5	0	0	0.004685305
42424.81156	0	0.239	-0.41		0	18.3	7.20	0.50	0	0	2.67	0	1.12	1.0	22.3	19.5	0	0	0.004689710
42424.81162	0	0.239	-0.41		0	18.3	7.20	0.50	0	0	2.67	0	1.12	1.0	22.3	19.5	0	0	0.004693566
42424.81168	0	0.239	-0.41		0	18.2	7.20	0.50	0	0	2.67	0	1.12	1.0	22.3	19.5	0	0	0.004697651
42424.81174	0	0.238	-0.41		0	18.2	7.20	0.50	0	0	2.67	0	1.12	1.0	22.3	19.5	0	0	0.004701399
42424.81179	0	0.238	-0.41		0	18.2	7.20	0.50	0	0	2.67	0	1.12	1.0	22.3	19.5	0	0	0.004704756
42424.81185	0	0.237	-0.41		0	18.2	7.20	0.50	0	0	2.67	0	1.12	1.0	22.3	19.5	0	0	0.004708304
42424.81191	0	0.237	-0.41		0	18.1	7.20	0.50	0	0	2.67	0	1.12	1.0	22.3	19.5	0	0	0.004711539
42424.81197	0	0.236	-0.41		0	18.1	7.20	0.50	0	0	2.67	0	1.12	1.0	22.3	19.5	0	0	0.004714452
42424.81203	0	0.236	-0.41		0	18.1	7.20	0.50	0	0	2.67	0	1.12	1.0	22.3	19.5	0	0	0.004717539
42424.81208	0	0.236	-0.41		0	18.1	7.20	0.50	0	0	2.67	0	1.12	1.0	22.3	19.5	0	0	0.004720513
42424.81214	0	0.235	-0.41		0	18.0	7.20	0.50	0	0	2.67	0	1.12	1.0	22.3	19.5	0	0	0.004722929
42424.81220	0	0.235	-0.41		0	18.0	7.20	0.50	0	0	2.67	0	1.12	1.0	22.3	19.5	0	0	0.004725161
42424.81226	0	0.234	-0.41		0	18.0	7.20	0.50	0	0	2.67	0	1.12	1.0	22.3	19.5	0	0	0.004727500
42424.81232	0	0.234	-0.41		0	18.0	7.20	0.50	0	0	2.67	0	1.12	1.0	22.3	19.5	0	0	0.004729536
42424.81237	0	0.234	-0.41		0	17.9	7.20	0.50	0	0	2.67	0	1.12	1.0	22.3	19.5	0	0	0.004732003
42424.81243	0	0.233	-0.41		0	17.9	7.20	0.50	0	0	2.67	0	1.12	1.0	22.3	19.5	0	0	0.004734408
42424.81249	0	0.233	-0.41		0	17.9	7.20	0.50	0	0	2.67	0	1.12	1.0	22.3	19.5	0	0	0.004736340
42424.81255	0	0.233	-0.41		0	17.9	7.20	0.50	0	0	2.67	0	1.12	1.0	22.3	19.5	0	0	0.004738297
42424.81261	0	0.232	-0.41		0	17.8	7.20	0.50	0	0	2.67	0	1.12	1.0	22.3	19.5	0	0	0.004740156
42424.81266	0	0.232	-0.41		0	17.8	7.20	0.50	0	0	2.67	0	1.12	1.0	22.3	19.5	0	0	0.004741384
42424.81272	0	0.231	-0.41		0	17.8	7.20	0.50	0	0	2.67	0	1.12	1.0	22.3	19.5	0	0	0.004742940
42424.81278	0	0.231	-0.41		0	17.8	7.20	0.50	0	0	2.67	0	1.12	1.0	22.3	19.5	0	0	0.004744294
42424.81284	0	0.231	-0.41		0	17.7	7.20	0.50	0	0	2.67	0	1.12	1.0	22.3	19.5	0	0	0.004745695
42424.81290	0	0.230	-0.41		0	17.7	7.20	0.50	0	0	2.67	0	1.12	1.0	22.3	19.5	0	0	0.004746730
42424.81295	0	0.230	-0.41		0	17.7	7.20	0.50	0	0	2.67	0	1.12	1.0	22.3	19.5	0	0	0.004747763
42424.81301	0	0.230	-0.41		0	17.7	7.20	0.50	0	0	2.67	0	1.12	1.0	22.3	19.6	0	0	0.004748523
42424.81307	0	0.229	-0.41		0	17.6	7.20	0.50	0	0	2.67	0	1.12	1.0	22.3	19.6	0	0	0.004749042
42424.81313	0	0.229	-0.41		0	17.6	7.20	0.50	0	0	2.67	0	1.12	1.0	22.3	19.6	0	0	0.004749549
42424.81319	0	0.228	-0.41		0	17.6	7.20	0.50	0	0	2.67	0	1.12	1.0	22.3	19.6	0	0	0.004749538
42424.81325	0	0.228	-0.41		0	17.6	7.20	0.50	0	0	2.67	0	1.12	1.0	22.3	19.6	0	0	0.004749675
42424.81330	0	0.228	-0.41		0	17.6	7.20	0.50	0	0	2.67	0	1.12	1.0	22.3	19.6	0	0	0.004749347
42424.81336	0	0.227	-0.41		0	17.5	7.20	0.50	0	0	2.67	0	1.12	1.0	22.3	19.6	0	0	0.004748455
42424.81342	0	0.227	-0.41		0	17.5	7.20	0.50	0	0	2.67	0	1.12	1.0	22.3	19.6	0	0	0.004747473
42424.81348	0	0.227	-0.41		0	17.5	7.20	0.50	0	0	2.67	0	1.12	1.0	22.3	19.6	0	0	0.004746604
42424.81354	0	0.226	-0.41		0	17.5	7.20	0.50	0	0	2.67	0	1.12	1.0	22.3	19.6	0	0	0.004745348
42424.81359	0	0.226	-0.41		0	17.4	7.20	0.50	0	0	2.67	0	1.12	1.0	22.3	19.6	0	0	0.004744238
42424.81365	0	0.225	-0.41		0	17.4	7.20	0.50	0	0	2.67	0	1.12	1.0	22.3	19.6	0	0	0.004743197
42424.81371	0	0.225	-0.41		0	17.4	7.20	0.50	0	0	2.67	0	1.12	1.0	22.3	19.6	0	0	0.004741601
42424.81377	0	0.225	-0.41		0	17.4	7.20	0.50	0	0	2.67	0	1.12	1.0	22.3	19.6	0	0	0.004739813
42424.81383	0	0.224	-0.40		0	17.3	7.20	0.50	0	0	2.67	0	1.12	1.0	22.3	19.6	0	0	0.004738216
42424.81388	0	0.224	-0.41		0	17.3	7.20	0.50	0	0	2.67	0	1.12	1.0	22.3	19.7	0	0	0.004736172
42424.81394	0	0.223	-0.41		0	17.3	7.20	0.50	0	0	2.67	0	1.12	1.0	22.3	19.7	0	0	0.004734144
42424.81400	0	0.223	-0.41		0	17.3	7.20	0.50	0	0	2.67	0	1.12	1.0	22.3	19.7	0	0	0.004731775
42424.81406	0	0.223	-0.41		0	17.2	7.20	0.50	0	0	2.67	0	1.12	1.0	22.3	19.7	0	0	0.004728852
42424.81412	0	0.222	-0.41		0	17.2	7.20	0.50	0	0	2.67	0	1.12	1.0	22.3	19.7	0	0	0.004725992
42424.81417	0	0.222	-0.41		0	17.2	7.20	0.50	0	0	2.67	0	1.12	1.0	22.3	19.7	0	0	0.004723135
42424.81423	0	0.222	-0.41		0	17.2	7.20	0.50	0	0	2.67	0	1.12	1.0	22.3	19.7	0	0	0.004719663
42424.81429	0	0.221	-0.41		0	17.2	7.20	0.50	0	0	2.67	0	1.12	1.0	22.3	19.7	0	0	0.004716353
42424.81435	0	0.221	-0.41		0	17.1	7.20	0.50	0	0	2.67	0	1.12	1.0	22.3	19.7	0	0	0.004712621
42424.81441	0	0.220	-0.41		0	17.1	7.20	0.50	0	0	2.67	0	1.12	1.0	22.3	19.7	0	0	0.004708910
42424.81446	0	0.220	-0.41		0	17.1	7.20	0.50	0	0	2.67	0	1.12	1.0	22.3	19.7	0	0	0.004704922
42424.81452	0	0.220	-0.40		0	17.1	7.20	0.50	0	0	2.67	0	1.12	1.0	22.3	19.7	0	0	0.004701091
42424.81458	0	0.219	-0.41		0	17.0	7.20	0.50	0	0	2.67	0	1.12	1.0	22.3	19.7	0	0	0.004697276
42424.81464	0	0.219	-0.41		0	17.0	7.20	0.50	0	0	2.67	0	1.12	1.0	22.3	19.7	0	0	0.004693424
42424.81470	0	0.218	-0.41		0	17.0	7.20	0.50	0	0	2.67	0	1.12	1.0	22.3	19.7	0	0	0.004689565
42424.81475	0	0.218	-0.41		0	17.0	7.20	0.50	0	0	2.67	0	1.12	1.0	22.3	19.7	0	0	0.004685321
42424.81481	0	0.218	-0.41		0	16.9	7.20	0.50	0	0	2.67	0	1.12	1.0	22.3	19.7	0	0	0.004681351
42424.81487	0	0.217	-0.41		0	16.9	7.20	0.50	0	0	2.67	0	1.12	1.0	22.3	19.7	0	0	0.004677252
42424.81493	0	0.217	-0.41		0	16.9	7.20	0.50	0	0	2.67	0	1.12	1.0	22.3	19.7	0	0	0.004673018
42424.81499	0	0.216	-0.41		0	16.9	7.20	0.50	0	0	2.67	0	1.12	1.0	22.3	19.8	0	0	0.004668970
42424.81504	0	0.216	-0.41		0	16.8	7.20	0.50	0	0	2.67	0	1.12	1.0	22.3	19.8	0	0	0.004665069
42424.81510	0	0.216	-0.41		0	16.8	7.20	0.50	0	0	2.67	0	1.12	1.0	22.3	19.8	0	0	0.004660911
42424.81516	0	0.215	-0.41		0	16.8	7.20	0.50	0	0	2.67	0	1.12	1.0	22.3	19.8	0	0	0.004657029
42424.81522	0	0.215	-0.40		0	16.8	7.20	0.50	0	0	2.67	0	1.12	1.0	22.3	19.8	0	0	0.004652925
42424.81528	0	0.214	-0.41		0	16.8	7.20	0.50	0	0	2.67	0	1.12	1.0	22.3	19.8	0	0	0.004648659
42424.81533	0	0.214	-0.41		0	16.7	7.20	0.50	0	0	2.67	0	1.12	1.0	22.3	19.8	0	0	0.004644159
42424.81539	0	0.213	-0.41		0	16.7	7.20	0.50	0	0	2.67	0	1.12	1.0	22.3	19.8	0	0	0.004639889
42424.81545	0	0.213	-0.41		0	16.7	7.20	0.50	0	0	2.67	0	1.12	1.0	22.3	19.8	0	0	0.004635469
42424.81551	0	0.213	-0.41		0	16.7	7.20	0.50	0	0	2.67	0	1.12	1.0	22.3	19.8	0	0	0.004631469
42424.81557	0	0.212	-0.41		0	16.6	7.20	0.50	0	0	2.67	0	1.12	1.0	22.3	19.8	0	0	0.004627327
42424.81563	0	0.212	-0.41		0	16.6	7.20	0.50	0	0	2.67	0	1.12	1.0	22.3	19.8	0	0	0.004623018
42424.81568	0	0.211	-0.41		0	16.6	7.20	0.50	0	0	2.67	0	1.12	1.0	22.3	19.8	0	0	0.004619090
42424.81574	0	0.211	-0.41		0	16.6	7.20	0.50	0	0	2.67	0	1.12	1.0	22.3	19.8	0	0	0.004615047
42424.81580	0	0.211	-0.41		0	16.5	7.20	0.50	0	0	2.67	0	1.12	1.0	22.3	19.8	0	0	0.004610723
42424.81586	0	0.210	-0.41		0	16.5	7.20	0.50	0	0	2.67	0	1.12	1.0	22.3	19.8	0	0	0.004606733
42424.81592	0	0.210	-0.41		0	16.5	7.20	0.50	0	0	2.67	0	1.12	1.0	22.3	19.8	0	0	0.004602440
42424.81597	0	0.209	-0.41		0	16.5	7.20	0.50	0	0	2.67	0	1.12	1.0	22.3	19.8	0	0	0.004597926
42424.81603	0	0.209	-0.41		0	16.4	7.20	0.50	0	0	2.67	0	1.12	1.0	22.3	19.8	0	0	0.004593618
42424.81609	0	0.208	-0.41		0	16.4	7.20	0.50	0	0	2.67	0	1.12	1.0	22.3	19.8	0	0	0.004589306
42424.81615	0	0.208	-0.41		0	16.4	7.20	0.50	0	0	2.67	0	1.12	1.0	22.3	19.8	0	0	0.004585233
42424.81621	0	0.208	-0.41		0	16.4	7.20	0.50	0	0	2.67	0	1.12	1.0	22.3	19.8	0	0	0.004581110
42424.81626	0	0.207	-0.41		0	16.3	7.20	0.50	0	0	2.67	0	1.12	1.0	22.3	19.8	0	0	0.004577452
42424.81632	0	0.207	-0.41		0	16.3	7.20	0.50	0	0	2.67	0	1.12	1.0	22.3	19.8	0	0	0.004573813
42424.81638	0	0.206	-0.41		0	16.3	7.20	0.50	0	0	2.67	0	1.12	1.0	22.3	19.8	0	0	0.004570502
42424.81644	0	0.206	-0.41		0	16.3	7.20	0.50	0	0	2.67	0	1.12	1.0	22.3	19.8	0	0	0.004567082
42424.81650	0	0.206	-0.41		0	16.2	7.20	0.50	0	0	2.67	0	1.12	1.0	22.3	19.8	0	0	0.004563573
42424.81655	0	0.205	-0.41		0	16.2	7.20	0.50	0	0	2.67	0	1.12	1.0	22.3	19.8	0	0	0.004560388
42424.81661	0	0.205	-0.41		0	16.2	7.20	0.50	0	0	2.67	0	1.12	1.0	22.3	19.8	0	0	0.004557383
42424.81667	0	0.204	-0.41		0	16.2	7.20	0.50	0	0	2.67	0	1.12	1.0	22.3	19.8	0	0	0.004554290
42424.81673	0	0.204	-0.41		0	16.1	7.20	0.50	0	0	2.67	0	1.12	1.0	22.3	19.7	0	0	0.004551657
42424.81679	0	0.204	-0.41		0	16.1	7.20	0.50	0	0	2.67	0	1.12	1.0	22.3	19.7	0	0	0.004548988
42424.81684	0	0.203	-0.41		0	16.1	7.20	0.50	0	0	2.67	0	1.12	1.0	22.3	19.7	0	0	0.004546329
42424.81690	0	0.203	-0.41		0	16.1	7.20	0.50	0	0	2.67	0	1.12	1.0	22.3	19.7	0	0	0.004543645
42424.81696	0	0.202	-0.41		0	16.0	7.20	0.50	0	0	2.67	0	1.12	1.0	22.3	19.7	0	0	0.004541380
42424.81702	0	0.202	-0.41		0	16.0	7.20	0.50	0	0	2.67	0	1.12	1.0	22.3	19.7	0	0	0.004539075
42424.81708	0	0.202	-0.41		0	16.0	7.20	0.50	0	0	2.67	0	1.12	1.0	22.3	19.7	0	0	0.004537188
42424.81713	0	0.201	-0.41		0	16.0	7.20	0.50	0	0	2.67	0	1.12	1.0	22.3	19.7	0	0	0.004535170
42424.81719	0	0.201	-0.41		0	15.9	7.20	0.50	0	0	2.67	0	1.12	1.0	22.3	19.7	0	0	0.004533048
42424.81725	0	0.201	-0.41		0	15.9	7.20	0.50	0	0	2.67	0	1.12	1.0	22.3	19.7	0	0	0.004531352
42424.81731	0	0.200	-0.41		0	15.9	7.20	0.50	0	0	2.67	0	1.12	1.0	22.3	19.7	0	0	0.004529748
42424.81737	0	0.200	-0.41		0	15.9	7.20	0.50	0	0	2.67	0	1.12	1.0	22.3	19.7	0	0	0.004528182
42424.81742	0	0.200	-0.41		0	15.8	7.20	0.50	0	0	2.67	0	1.12	1.0	22.3	19.7	0	0	0.004527174
42424.81748	0	0.199	-0.41		0	15.8	7.20	0.50	0	0	2.67	0	1.12	1.0	22.3	19.7	0	0	0.004525973
42424.81754	0	0.199	-0.41		0	15.8	7.20	0.50	0	0	2.67	0	1.12	1.0	22.3	19.7	0	0	0.004524658
42424.81760	0	0.199	-0.41		0	15.8	7.20	0.50	0	0	2.67	0	1.12	1.0	22.3	19.7	0	0	0.004523641
42424.81766	0	0.198	-0.41		0	15.7	7.20	0.50	0	0	2.67	0	1.12	1.0	22.3	19.7	0	0	0.004522738
42424.81772	0	0.198	-0.41		0	15.7	7.20	0.50	0	0	2.67	0	1.12	1.0	22.3	19.7	0	0	0.004522023
42424.81777	0	0.197	-0.41		0	15.7	7.20	0.50	0	0	2.67	0	1.12	1.0	22.3	19.7	0	0	0.004521288
42424.81783	0	0.197	-0.41		0	15.7	7.20	0.50	0	0	2.67	0	1.12	1.0	22.3	19.7	0	0	0.004520872
42424.81789	0	0.197	-0.41		0	15.6	7.20	0.50	0	0	2.67	0	1.12	1.0	22.3	19.7	0	0	0.004520554
42424.81795	0	0.196	-0.41		0	15.6	7.20	0.50	0	0	2.67	0	1.12	1.0	22.3	19.7	0	0	0.004520639
42424.81801	0	0.196	-0.41		0	15.6	7.20	0.50	0	0	2.67	0	1.12	1.0	22.3	19.7	0	0	0.004520697
42424.81806	0	0.196	-0.41		0	15.6	7.20	0.50	0	0	2.67	0	1.12	1.0	22.3	19.7	0	0	0.004520932
42424.81812	0	0.195	-0.41		0	15.5	7.20	0.50	0	0	2.67	0	1.12	1.0	22.3	19.7	0	0	0.004521590
42424.81818	0	0.195	-0.41		0	15.5	7.20	0.50	0	0	2.67	0	1.12	1.0	22.3	19.7	0	0	0.004522581
42424.81824	0	0.195	-0.41		0	15.5	7.20	0.50	0	0	2.67	0	1.12	1.0	22.3	19.7	0	0	0.004523543
42424.81830	0	0.194	-0.41		0	15.5	7.20	0.50	0	0	2.67	0	1.12	1.0	22.3	19.7	0	0	0.004525039
42424.81835	0	0.194	-0.41		0	15.4	7.20	0.50	0	0	2.67	0	1.12	1.0	22.3	19.7	0	0	0.004526644
42424.81841	0	0.194	-0.41		0	15.4	7.20	0.50	0	0	2.67	0	1.12	1.0	22.3	19.7	0	0	0.004528258
42424.81847	0	0.193	-0.41		0	15.4	7.20	0.50	0	0	2.67	0	1.12	1.0	22.3	19.7	0	0	0.004529900
42424.81853	0	0.193	-0.41		0	15.4	7.20	0.50	0	0	2.67	0	1.12	1.0	22.3	19.7	0	0	0.004531912
42424.81859	0	0.192	-0.41		0	15.3	7.20	0.50	0	0	2.67	0	1.12	1.0	22.3	19.7	0	0	0.004533894
42424.81864	0	0.192	-0.41		0	15.3	7.20	0.50	0	0	2.67	0	1.12	1.0	22.3	19.7	0	0	0.004536315
42424.81870	0	0.192	-0.41		0	15.3	7.20	0.50	0	0	2.67	0	1.12	1.0	22.3	19.7	0	0	0.004538763
42424.81876	0	0.191	-0.41		0	15.3	7.20	0.50	0	0	2.67	0	1.12	1.0	22.3	19.6	0	0	0.004541378
42424.81882	0	0.191	-0.41		0	15.2	7.20	0.50	0	0	2.67	0	1.12	1.0	22.3	19.6	0	0	0.004543980
42424.81888	0	0.191	-0.41		0	15.2	7.20	0.50	0	0	2.67	0	1.12	1.0	22.3	19.6	0	0	0.004546556
42424.81893	0	0.190	-0.41		0	15.2	7.20	0.50	0	0	2.67	0	1.12	1.0	22.2	19.6	0	0	0.004549114
42424.81899	0	0.190	-0.41		0	15.2	7.20	0.50	0	0	2.67	0	1.12	1.0	22.2	19.6	0	0	0.004551952
42424.81905	0	0.190	-0.41		0	15.1	7.20	0.50	0	0	2.67	0	1.12	1.0	22.3	19.6	0	0	0.004554738
42424.81911	0	0.189	-0.41		0	15.1	7.20	0.50	0	0	2.67	0	1.12	1.0	22.3	19.6	0	0	0.004557269
42424.81917	0	0.189	-0.41		0	15.1	7.20	0.50	0	0	2.67	0	1.12	1.0	22.3	19.6	0	0	0.004560368
42424.81922	0	0.189	-0.41		0	15.1	7.20	0.50	0	0	2.67	0	1.12	1.0	22.3	19.6	0	0	0.004563427
42424.81928	0	0.188	-0.40		0	15.0	7.20	0.50	0	0	2.67	0	1.12	1.0	22.3	19.6	0	0	0.004566845
42424.81934	0	0.188	-0.40		0	15.0	7.20	0.50	0	0	2.67	0	1.12	1.0	22.3	19.6	0	0	0.004570186
42424.81940	0	0.188	-0.41		0	15.0	7.20	0.50	0	0	2.67	0	1.12	1.0	22.3	19.6	0	0	0.004573588
42424.81946	0	0.188	-0.41		0	15.0	7.20	0.50	0	0	2.67	0	1.12	1.0	22.3	19.6	0	0	0.004576760
42424.81951	0	0.187	-0.41		0	14.9	7.20	0.50	0	0	2.67	0	1.12	1.0	22.3	19.6	0	0	0.004579919
42424.81957	0	0.187	-0.41		0	14.9	7.20	0.50	0	0	2.67	0	1.12	1.0	22.3	19.6	0	0	0.004583182
42424.81963	0	0.187	-0.41		0	14.9	7.20	0.50	0	0	2.67	0	1.12	1.0	22.3	19.6	0	0	0.004586143
42424.81969	0	0.186	-0.41		0	14.9	7.20	0.50	0	0	2.67	0	1.12	1.0	22.3	19.6	0	0	0.004589601
42424.81975	0	0.186	-0.41		0	14.8	7.20	0.50	0	0	2.67	0	1.12	1.0	22.3	19.7	0	0	0.004592956
42424.81980	0	0.186	-0.41		0	14.8	7.20	0.50	0	0	2.67	0	1.12	1.0	22.3	19.7	0	0	0.004596273
42424.81986	0	0.185	-0.41		0	14.8	7.20	0.50	0	0	2.67	0	1.12	1.0	22.3	19.7	0	0	0.004599901
42424.81992	0	0.185	-0.41		0	14.8	7.20	0.50	0	0	2.67	0	1.12	1.0	22.3	19.7	0	0	0.004603167
42424.81998	0	0.185	-0.41		0	14.7	7.20	0.50	0	0	2.67	0	1.12	1.0	22.3	19.7	0	0	0.004605876
42424.82004	0	0.184	-0.41		0	14.7	7.20	0.50	0	0	2.67	0	1.12	1.0	22.3	19.7	0	0	0.004608590
42424.82010	0	0.184	-0.40		0	14.7	7.20	0.50	0	0	2.67	0	1.12	1.0	22.3	19.7	0	0	0.004611341
42424.82015	0	0.184	-0.40		0	14.7	7.20	0.50	0	0	2.67	0	1.12	1.0	22.3	19.7	0	0	0.004613897
42424.82021	0	0.183	-0.41		0	14.6	7.20	0.50	0	0	2.67	0	1.12	1.0	22.3	19.7	0	0	0.004616559
42424.82027	0	0.183	-0.41		0	14.6	7.20	0.50	0	0	2.67	0	1.12	1.0	22.3	19.7	0	0	0.004618686
42424.82033	0	0.183	-0.41		0	14.6	7.20	0.50	0	0	2.67	0	1.12	1.0	22.3	19.7	0	0	0.004620422
42424.82039	0	0.183	-0.41		0	14.6	7.20	0.50	0	0	2.67	0	1.12	1.0	22.3	19.7	0	0	0.004622349
42424.82044	0	0.182	-0.41		0	14.6	7.20	0.50	0	0	2.67	0	1.12	1.0	22.3	19.7	0	0	0.004624030
42424.82050	0	0.182	-0.41		0	14.5	7.20	0.50	0	0	2.67	0	1.12	1.0	22.3	19.7	0	0	0.004625480
42424.82056	0	0.182	-0.40		0	14.5	7.20	0.50	0	0	2.67	0	1.12	1.0	22.3	19.7	0	0	0.004627034
42424.82062	0	0.181	-0.41		0	14.5	7.20	0.50	0	0	2.67	0	1.12	1.0	22.3	19.7	0	0	0.004628222
42424.82068	0	0.181	-0.41		0	14.5	7.20	0.50	0	0	2.67	0	1.12	1.0	22.3	19.7	0	0	0.004628746
42424.82073	0	0.181	-0.41		0	14.4	7.20	0.50	0	0	2.67	0	1.12	1.0	22.3	19.7	0	0	0.004629337
42424.82079	0	0.181	-0.41		0	14.4	7.20	0.50	0	0	2.67	0	1.12	1.0	22.3	19.8	0	0	0.004629441
42424.82085	0	0.180	-0.41		0	14.4	7.20	0.50	0	0	2.67	0	1.12	1.0	22.3	19.8	0	0	0.004629261
42424.82091	0	0.180	-0.41		0	14.4	7.20	0.50	0	0	2.67	0	1.12	1.0	22.3	19.8	0	0	0.004628648
42424.82097	0	0.180	-0.41		0	14.4	7.20	0.50	0	0	2.67	0	1.12	1.0	22.3	19.8	0	0	0.004627953
42424.82102	0	0.179	-0.41		0	14.3	7.20	0.50	0	0	2.67	0	1.12	1.0	22.3	19.8	0	0	0.004626843
42424.82108	0	0.179	-0.41		0	14.3	7.20	0.50	0	0	2.67	0	1.12	1.0	22.3	19.8	0	0	0.004625432
42424.82114	0	0.179	-0.41		0	14.3	7.20	0.50	0	0	2.67	0	1.12	1.0	22.3	19.8	0	0	0.004623868
42424.82120	0	0.179	-0.41		0	14.3	7.20	0.50	0	0	2.67	0	1.12	1.0	22.3	19.8	0	0	0.004621929
42424.82126	0	0.178	-0.41		0	14.2	7.20	0.50	0	0	2.67	0	1.12	1.0	22.3	19.8	0	0	0.004619868
42424.82131	0	0.178	-0.41		0	14.2	7.20	0.50	0	0	2.67	0	1.12	1.0	22.3	19.8	0	0	0.004617199
42424.82137	0	0.178	-0.41		0	14.2	7.20	0.50	0	0	2.67	0	1.12	1.0	22.3	19.8	0	0	0.004614183
42424.82143	0	0.177	-0.41		0	14.2	7.20	0.50	0	0	2.67	0	1.12	1.0	22.3	19.8	0	0	0.004611274
42424.82149	0	0.177	-0.40		0	14.2	7.20	0.50	0	0	2.67	0	1.12	1.0	22.3	19.8	0	0	0.004608031
42424.82155	0	0.177	-0.41		0	14.1	7.20	0.50	0	0	2.67	0	1.12	1.0	22.3	19.8	0	0	0.004604301
42424.82160	0	0.176	-0.41		0	14.1	7.20	0.50	0	0	2.67	0	1.12	1.0	22.3	19.8	0	0	0.004600516
42424.82166	0	0.176	-0.41		0	14.1	7.20	0.50	0	0	2.67	0	1.12	1.0	22.3	19.8	0	0	0.004596601
42424.82172	0	0.176	-0.41		0	14.1	7.20	0.50	0	0	2.67	0	1.12	1.0	22.3	19.8	0	0	0.004592261
42424.82178	0	0.176	-0.41		0	14.1	7.20	0.50	0	0	2.67	0	1.12	1.0	22.3	19.8	0	0	0.004587568
42424.82184	0	0.175	-0.41		0	14.0	7.20	0.50	0	0	2.67	0	1.12	1.0	22.3	19.8	0	0	0.004582708
42424.82189	0	0.175	-0.41		0	14.0	7.20	0.50	0	0	2.67	0	1.12	1.0	22.3	19.8	0	0	0.004577586
42424.82195	0	0.175	-0.41		0	14.0	7.20	0.50	0	0	2.67	0	1.12	1.0	22.3	19.8	0	0	0.004572038
42424.82201	0	0.175	-0.41		0	14.0	7.20	0.50	0	0	2.67	0	1.12	1.0	22.3	19.8	0	0	0.004565933
42424.82207	0	0.174	-0.41		0	14.0	7.20	0.50	0	0	2.67	0	1.12	1.0	22.3	19.8	0	0	0.004559414
42424.82213	0	0.174	-0.40		0	13.9	7.20	0.50	0	0	2.67	0	1.12	1.0	22.3	19.8	0	0	0.004552684
42424.82219	0	0.174	-0.41		0	13.9	7.20	0.50	0	0	2.67	0	1.12	1.0	22.3	19.8	0	0	0.004545410
42424.82224	0	0.174	-0.41		0	13.9	7.20	0.50	0	0	2.67	0	1.12	1.0	22.3	19.8	0	0	0.004537332
42424.82230	0	0.173	-0.41		0	13.9	7.20	0.50	0	0	2.67	0	1.12	1.0	22.3	19.9	0	0	0.004529183
42424.82236	0	0.173	-0.41		0	13.9	7.20	0.50	0	0	2.67	0	1.12	1.0	22.3	19.9	0	0	0.004520387
42424.82242	0	0.173	-0.41		0	13.9	7.20	0.50	0	0	2.67	0	1.12	1.0	22.3	19.9	0	0	0.004510377
42424.82248	0	0.173	-0.41		0	13.8	7.20	0.50	0	0	2.67	0	1.12	1.0	22.3	19.9	0	0	0.004499684
42424.82253	0	0.173	-0.41		0	13.8	7.20	0.50	0	0	2.67	0	1.12	1.0	22.3	19.9	0	0	0.004489407
42424.82259	0	0.172	-0.41		0	13.8	7.20	0.50	0	0	2.67	0	1.12	1.0	22.3	19.9	0	0	0.004478687
42424.82265	0	0.172	-0.41		0	13.8	7.20	0.50	0	0	2.67	0	1.12	1.0	22.3	19.9	0	0	0.004467409
42424.82271	0	0.172	-0.40		0	13.8	7.20	0.50	0	0	2.67	0	1.12	1.0	22.3	19.9	0	0	0.004455600
42424.82277	0	0.172	-0.40		0	13.8	7.20	0.50	0	0	2.67	0	1.12	1.0	22.3	19.8	0	0	0.004443345
42424.82282	0	0.172	-0.41		0	13.7	7.20	0.50	0	0	2.67	0	1.12	1.0	22.3	19.8	0	0	0.004430761
42424.82288	0	0.171	-0.41		0	13.7	7.20	0.50	0	0	2.67	0	1.12	1.0	22.3	19.8	0	0	0.004417245
42424.82294	0	0.171	-0.41		0	13.7	7.20	0.50	0	0	2.67	0	1.12	1.0	22.3	19.8	0	0	0.004402970
42424.82300	0	0.171	-0.41		0	13.7	7.20	0.50	0	0	2.67	0	1.12	1.0	22.3	19.8	0	0	0.004388321
42424.82306	0	0.171	-0.41		0	13.7	7.20	0.50	0	0	2.67	0	1.12	1.0	22.3	19.8	0	0	0.004372860
42424.82311	0	0.171	-0.41		0	13.7	7.20	0.50	0	0	2.67	0	1.12	1.0	22.3	19.8	0	0	0.004356570
42424.82317	0	0.171	-0.41		0	13.7	7.20	0.50	0	0	2.67	0	1.12	1.0	22.3	19.8	0	0	0.004339832
42424.82323	0	0.171	-0.41		0	13.7	7.20	0.50	0	0	2.67	0	1.12	1.0	22.3	19.8	0	0	0.004322469
42424.82329	0	0.170	-0.41		0	13.6	7.20	0.50	0	0	2.67	0	1.12	1.0	22.3	19.8	0	0	0.004304388
42424.82335	0	0.170	-0.41		0	13.6	7.20	0.50	0	0	2.67	0	1.12	1.0	22.3	19.8	0	0	0.004285476
42424.82340	0	0.170	-0.41		0	13.6	7.20	0.50	0	0	2.67	0	1.12	1.0	22.3	19.8	0	0	0.004266271
42424.82346	0	0.170	-0.41		0	13.6	7.20	0.50	0	0	2.67	0	1.12	1.0	22.3	19.8	0	0	0.004246230
42424.82352	0	0.170	-0.41		0	13.6	7.20	0.50	0	0	2.67	0	1.12	1.0	22.3	19.8	0	0	0.004225850
42424.82358	0	0.170	-0.41		0	13.6	7.20	0.50	0	0	2.67	0	1.12	1.0	22.3	19.8	0	0	0.004204651
42424.82364	0	0.170	-0.41		0	13.6	7.20	0.50	0	0	2.67	0	1.12	1.0	22.3	19.8	0	0	0.004182926
42424.82369	0	0.170	-0.41		0	13.6	7.20	0.50	0	0	2.67	0	1.12	1.0	22.3	19.8	0	0	0.004160598
42424.82375	0	0.170	-0.41		0	13.6	7.20	0.50	0	0	2.67	0	1.12	1.0	22.3	19.8	0	0	0.004137424
42424.82381	0	0.170	-0.40		0	13.5	7.20	0.50	0	0	2.67	0	1.12	1.0	22.3	19.8	0	0	0.004113463
42424.82387	0	0.170	-0.41		0	13.5	7.20	0.50	0	0	2.67	0	1.12	1.0	22.3	19.8	0	0	0.004089063
42424.82393	0	0.170	-0.41		0	13.5	7.20	0.50	0	0	2.67	0	1.12	1.0	22.3	19.8	0	0	0.004063617
42424.82398	0	0.170	-0.41		0	13.5	7.20	0.50	0	0	2.67	0	1.12	1.0	22.3	19.8	0	0	0.004037718
42424.82404	0	0.170	-0.41		0	13.5	7.20	0.50	0	0	2.67	0	1.12	1.0	22.3	19.8	0	0	0.004010790
42424.82410	0	0.170	-0.41		0	13.5	7.20	0.50	0	0	2.67	0	1.12	1.0	22.3	19.8	0	0	0.003983065
42424.82416	0	0.170	-0.41		0	13.5	7.20	0.50	0	0	2.67	0	1.12	1.0	22.3	19.8	0	0	0.003954830
42424.82422	0	0.170	-0.41		0	13.5	7.20	0.50	0	0	2.67	0	1.12	1.0	22.3	19.8	0	0	0.003925940
42424.82427	0	0.170	-0.41		0	13.5	7.20	0.50	0	0	2.67	0	1.12	1.0	22.3	19.8	0	0	0.003896507
42424.82433	0	0.170	-0.41		0	13.5	7.20	0.50	0	0	2.67	0	1.12	1.0	22.3	19.8	0	0	0.003866576
42424.82439	0	0.170	-0.41		0	13.5	7.20	0.50	0	0	2.67	0	1.12	1.0	22.3	19.8	0	0	0.003836284
42424.82445	0	0.170	-0.41		0	13.5	7.20	0.50	0	0	2.67	0	1.12	1.0	22.3	19.8	0	0	0.003805015
42424.82451	0	0.170	-0.41		0	13.5	7.20	0.50	0	0	2.67	0	1.12	1.0	22.3	19.8	0	0	0.003773097
42424.82457	0	0.170	-0.40		0	13.5	7.20	0.50	0	0	2.67	0	1.12	1.0	22.3	19.8	0	0	0.003740889
42424.82462	0	0.170	-0.41		0	13.4	7.20	0.50	0	0	2.67	0	1.12	1.0	22.3	19.8	0	0	0.003707936
42424.82468	0	0.170	-0.41		0	13.4	7.20	0.50	0	0	2.67	0	1.12	1.0	22.3	19.8	0	0	0.003674180
42424.82474	0	0.170	-0.41		0	13.4	7.20	0.50	0	0	2.67	0	1.12	1.0	22.3	19.8	0	0	0.003639962
42424.82480	0	0.170	-0.41		0	13.4	7.20	0.50	0	0	2.67	0	1.12	1.0	22.3	19.8	0	0	0.003605300
42424.82486	0	0.170	-0.41		0	13.4	7.20	0.50	0	0	2.67	0	1.12	1.0	22.3	19.8	0	0	0.003570180
42424.82491	0	0.170	-0.41		0	13.4	7.20	0.50	0	0	2.67	0	1.12	1.0	22.3	19.8	0	0	0.003534392
42424.82497	0	0.170	-0.41		0	13.4	7.20	0.50	0	0	2.67	0	1.12	1.0	22.3	19.8	0	0	0.003498640
42424.82503	0	0.170	-0.41		0	13.4	7.20	0.50	0	0	2.67	0	1.12	1.0	22.3	19.8	0	0	0.003462387
42424.82509	0	0.170	-0.41		0	13.4	7.20	0.50	0	0	2.67	0	1.12	1.0	22.3	19.8	0	0	0.003426116
42424.82515	0	0.170	-0.41		0	13.4	7.20	0.50	0	0	2.67	0	1.12	1.0	22.3	19.8	0	0	0.003389389
42424.82520	0	0.170	-0.41		0	13.4	7.20	0.50	0	0	2.67	0	1.12	1.0	22.3	19.7	0	0	0.003352594
42424.82526	0	0.170	-0.41		0	13.4	7.20	0.50	0	0	2.67	0	1.12	1.0	22.3	19.7	0	0	0.003315691
42424.82532	0	0.170	-0.41		0	13.4	7.20	0.50	0	0	2.67	0	1.12	1.0	22.3	19.7	0	0	0.003278338
42424.82538	0	0.170	-0.40		0	13.4	7.20	0.50	0	0	2.67	0	1.12	1.0	22.3	19.7	0	0	0.003240727
42424.82544	0	0.170	-0.41		0	13.4	7.20	0.50	0	0	2.67	0	1.12	1.0	22.3	19.7	0	0	0.003203259
42424.82549	0	0.170	-0.41		0	13.3	7.20	0.50	0	0	2.67	0	1.12	1.0	22.3	19.7	0	0	0.003165357
42424.82555	0	0.170	-0.41		0	13.3	7.20	0.50	0	0	2.67	0	1.12	1.0	22.3	19.7	0	0	0.003127635
42424.82561	0	0.170	-0.41		0	13.3	7.20	0.50	0	0	2.67	0	1.12	1.0	22.3	19.7	0	0	0.003089502
42424.82567	0	0.170	-0.40		0	13.3	7.20	0.50	0	0	2.67	0	1.12	1.0	22.3	19.7	0	0	0.003051039
42424.82573	0	0.170	-0.41		0	13.3	7.20	0.50	0	0	2.67	0	1.12	1.0	22.3	19.7	0	0	0.003012498
42424.82578	0	0.170	-0.41		0	13.3	7.20	0.50	0	0	2.67	0	1.12	1.0	22.3	19.7	0	0	0.002973730
42424.82584	0	0.170	-0.41		0	13.3	7.20	0.50	0	0	2.67	0	1.12	1.0	22.3	19.7	0	0	0.002934872
42424.82590	0	0.170	-0.41		0	13.3	7.20	0.50	0	0	2.67	0	1.12	1.0	22.3	19.7	0	0	0.002895836
42424.82596	0	0.170	-0.41		0	13.3	7.20	0.50	0	0	2.67	0	1.12	1.0	22.3	19.7	0	0	0.002857004
42424.82602	0	0.170	-0.41		0	13.3	7.20	0.50	0	0	2.67	0	1.12	1.0	22.3	19.7	0	0	0.002817866
42424.82607	0	0.171	-0.41		0	13.3	7.20	0.50	0	0	2.67	0	1.12	1.0	22.3	19.7	0	0	0.002774830
42424.82613	0	0.171	-0.41		0	13.3	7.20	0.50	0	0	2.67	0	1.12	1.0	22.3	19.7	0	0	0.002732266
42424.82619	0	0.171	-0.40		0	13.3	7.20	0.50	0	0	2.67	0	1.12	1.0	22.3	19.7	0	0	0.002693428
42424.82625	0	0.171	-0.41		0	13.3	7.20	0.50	0	0	2.67	0	1.12	1.0	22.3	19.7	0	0	0.002654546
42424.82631	0	0.171	-0.41		0	13.3	7.20	0.50	0	0	2.67	0	1.12	1.0	22.3	19.7	0	0	0.002615813
42424.82636	0	0.171	-0.40		0	13.3	7.20	0.50	0	0	2.67	0	1.12	1.0	22.3	19.7	0	0	0.002576926
42424.82642	0	0.171	-0.41		0	13.3	7.20	0.50	0	0	2.67	0	1.12	1.0	22.3	19.7	0	0	0.002537857
42424.82648	0	0.171	-0.41		0	13.3	7.20	0.50	0	0	2.67	0	1.12	1.0	22.3	19.7	0	0	0.002498855
42424.82654	0	0.171	-0.41		0	13.3	7.20	0.50	0	0	2.67	0	1.12	1.0	22.3	19.7	0	0	0.002460203
42424.82660	0	0.171	-0.41		0	13.2	7.20	0.50	0	0	2.67	0	1.12	1.0	22.3	19.7	0	0	0.002421473
42424.82666	0	0.171	-0.41		0	13.2	7.20	0.50	0	0	2.67	0	1.12	1.0	22.3	19.7	0	0	0.002383267
42424.82671	0	0.171	-0.41		0	13.2	7.20	0.50	0	0	2.67	0	1.12	1.0	22.3	19.7	0	0	0.002345040
42424.82677	0	0.171	-0.41		0	13.2	7.20	0.50	0	0	2.67	0	1.12	1.0	22.3	19.7	0	0	0.002307313
42424.82683	0	0.171	-0.41		0	13.2	7.20	0.50	0	0	2.67	0	1.12	1.0	22.3	19.7	0	0	0.002269638
42424.82689	0	0.171	-0.41		0	13.2	7.20	0.50	0	0	2.67	0	1.12	1.0	22.3	19.7	0	0	0.002231926
42424.82695	0	0.171	-0.41		0	13.2	7.20	0.50	0	0	2.67	0	1.12	1.0	22.3	19.7	0	0	0.002194409
42424.82700	0	0.171	-0.41		0	13.2	7.20	0.50	0	0	2.67	0	1.12	1.0	22.3	19.7	0	0	0.002157183
42424.82706	0	0.172	-0.41		0	13.2	7.20	0.50	0	0	2.67	0	1.12	1.0	22.3	19.7	0	0	0.002120217
42424.82712	0	0.172	-0.41		0	13.2	7.20	0.50	0	0	2.67	0	1.12	1.0	22.3	19.7	0	0	0.002083722
42424.82718	0	0.172	-0.41		0	13.2	7.20	0.50	0	0	2.67	0	1.12	1.0	22.3	19.7	0	0	0.002047201
42424.82724	0	0.172	-0.41		0	13.2	7.20	0.50	0	0	2.67	0	1.12	1.0	22.3	19.7	0	0	0.002010762
42424.82729	0	0.172	-0.40		0	13.2	7.20	0.50	0	0	2.67	0	1.12	1.0	22.3	19.7	0	0	0.001974786
42424.82735	0	0.172	-0.41		0	13.2	7.20	0.50	0	0	2.67	0	1.12	1.0	22.3	19.7	0	0	0.001938921
42424.82741	0	0.172	-0.41		0	13.2	7.20	0.50	0	0	2.67	0	1.12	1.0	22.3	19.7	0	0	0.001903245
42424.82747	0	0.172	-0.41		0	13.2	7.20	0.50	0	0	2.67	0	1.12	1.0	22.3	19.8	0	0	0.001867934
42424.82753	0	0.172	-0.41		0	13.2	7.20	0.50	0	0	2.67	0	1.12	1.0	22.3	19.8	0	0	0.001832898
42424.82758	0	0.172	-0.41		0	13.2	7.20	0.50	0	0	2.67	0	1.12	1.0	22.3	19.8	0	0	0.001798048
42424.82764	0	0.172	-0.41		0	13.2	7.20	0.50	0	0	2.67	0	1.12	1.0	22.3	19.8	0	0	0.001763203
42424.82770	0	0.172	-0.41		0	13.2	7.20	0.50	0	0	2.67	0	1.12	1.0	22.3	19.8	0	0	0.001729000
42424.82776	0	0.172	-0.41		0	13.2	7.20	0.50	0	0	2.67	0	1.12	1.0	22.3	19.8	0	0	0.001694925
42424.82782	0	0.172	-0.41		0	13.2	7.20	0.50	0	0	2.67	0	1.12	1.0	22.3	19.8	0	0	0.001661020
42424.82787	0	0.172	-0.41		0	13.2	7.20	0.50	0	0	2.67	0	1.12	1.0	22.3	19.8	0	0	0.001627746
42424.82793	0	0.173	-0.41		0	13.2	7.20	0.50	0	0	2.67	0	1.12	1.0	22.3	19.8	0	0	0.001594939
42424.82799	0	0.173	-0.41		0	13.2	7.20	0.50	0	0	2.67	0	1.12	1.0	22.3	19.8	0	0	0.001562432
42424.82805	0	0.173	-0.41		0	13.1	7.20	0.50	0	0	2.67	0	1.12	1.0	22.3	19.8	0	0	0.001530332
42424.82811	0	0.173	-0.41		0	13.1	7.20	0.50	0	0	2.67	0	1.12	1.0	22.3	19.8	0	0	0.001498850
42424.82816	0	0.173	-0.41		0	13.1	7.20	0.50	0	0	2.67	0	1.12	1.0	22.3	19.8	0	0	0.001468003
42424.82822	0	0.173	-0.41		0	13.1	7.20	0.50	0	0	2.67	0	1.12	1.0	22.3	19.8	0	0	0.001437376
42424.82828	0	0.173	-0.41		0	13.1	7.20	0.50	0	0	2.67	0	1.12	1.0	22.3	19.8	0	0	0.001407144
42424.82834	0	0.173	-0.41		0	13.1	7.20	0.50	0	0	2.67	0	1.12	1.0	22.3	19.8	0	0	0.001377621
42424.82840	0	0.173	-0.41		0	13.1	7.20	0.50	0	0	2.67	0	1.12	1.0	22.3	19.8	0	0	0.001348577
42424.82845	0	0.173	-0.41		0	13.1	7.20	0.50	0	0	2.67	0	1.12	1.0	22.3	19.8	0	0	0.001319938
42424.82851	0	0.173	-0.41		0	13.1	7.20	0.50	0	0	2.67	0	1.12	1.0	22.3	19.8	0	0	0.001291824
42424.82857	0	0.173	-0.41		0	13.1	7.20	0.50	0	0	2.67	0	1.12	1.0	22.3	19.8	0	0	0.001264374
42424.82863	0	0.173	-0.40		0	13.1	7.20	0.50	0	0	2.67	0	1.12	1.0	22.3	19.8	0	0	0.001237496
42424.82869	0	0.173	-0.41		0	13.1	7.20	0.50	0	0	2.67	0	1.12	1.0	22.3	19.9	0	0	0.001211523
42424.82874	0	0.173	-0.41		0	13.1	7.20	0.50	0	0	2.67	0	1.12	1.0	22.3	19.9	0	0	0.001185955
42424.82880	0	0.173	-0.41		0	13.1	7.20	0.50	0	0	2.67	0	1.12	1.0	22.3	19.9	0	0	0.001160845
42424.82886	0	0.173	-0.41		0	13.1	7.20	0.50	0	0	2.67	0	1.12	1.0	22.3	19.9	0	0	0.001136572
42424.82892	0	0.173	-0.41		0	13.1	7.20	0.50	0	0	2.67	0	1.12	1.0	22.3	19.9	0	0	0.001112850
42424.82898	0	0.173	-0.40		0	13.1	7.20	0.50	0	0	2.67	0	1.12	1.0	22.3	19.9	0	0	0.001089674
42424.82904	0	0.173	-0.41		0	13.1	7.20	0.50	0	0	2.67	0	1.12	1.0	22.3	19.9	0	0	0.001067095
42424.82909	0	0.173	-0.41		0	13.1	7.20	0.50	0	0	2.67	0	1.12	1.0	22.3	19.9	0	0	0.001045222
42424.82915	0	0.173	-0.40		0	13.1	7.20	0.50	0	0	2.67	0	1.12	1.0	22.3	19.9	0	0	0.001023920
42424.82921	0	0.173	-0.41		0	13.1	7.20	0.50	0	0	2.67	0	1.12	1.0	22.3	19.9	0	0	0.001002929
42424.82927	0	0.173	-0.41		0	13.1	7.20	0.50	0	0	2.67	0	1.12	1.0	22.3	19.9	0	0	0.0009827515
42424.82933	0	0.173	-0.41		0	13.1	7.20	0.50	0	0	2.67	0	1.12	1.0	22.3	19.9	0	0	0.0009630548
42424.82938	0	0.174	-0.40		0	13.1	7.20	0.50	0	0	2.67	0	1.12	1.0	22.3	19.9	0	0	0.0009438958
42424.82944	0	0.174	-0.41		0	13.1	7.20	0.50	0	0	2.67	0	1.12	1.0	22.3	19.9	0	0	0.0009254537
42424.82950	0	0.174	-0.41		0	13.1	7.20	0.50	0	0	2.67	0	1.12	1.0	22.3	19.9	0	0	0.0009075607
42424.82956	0	0.174	-0.41		0	13.1	7.20	0.50	0	0	2.67	0	1.12	1.0	22.3	19.9	0	0	0.0008901071
42424.82962	0	0.174	-0.41		0	13.1	7.20	0.50	0	0	2.67	0	1.12	1.0	22.3	19.9	0	0	0.0008732758
42424.82967	0	0.174	-0.41		0	13.1	7.20	0.50	0	0	2.67	0	1.12	1.0	22.3	19.9	0	0	0.0008572257
42424.82973	0	0.174	-0.41		0	13.1	7.20	0.50	0	0	2.67	0	1.12	1.0	22.3	19.9	0	0	0.0008421157
42424.82979	0	0.174	-0.40		0	13.1	7.20	0.50	0	0	2.67	0	1.12	1.0	22.3	19.9	0	0	0.0008260647
42424.82985	0	0.174	-0.41		0	13.0	7.20	0.50	0	0	2.67	0	1.12	1.0	22.3	19.9	0	0	0.0008105424
42424.82991	0	0.174	-0.41		0	13.0	7.20	0.50	0	0	2.67	0	1.12	1.0	22.3	19.9	0	0	0.0007969637
42424.82996	0	0.174	-0.39		0	13.0	7.20	0.50	0	0	2.67	0	1.12	1.0	22.3	19.9	0	0	0.0007837447
42424.83002	0	0.174	-0.41		0	13.0	7.20	0.50	0	0	2.67	0	1.12	1.0	22.3	19.9	0	0	0.0007709607
42424.83008	0	0.174	-0.41		0	13.0	7.20	0.50	0	0	2.67	0	1.12	1.0	22.3	19.9	0	0	0.0007586239
42424.83014	0	0.174	-0.40		0	13.0	7.20	0.50	0	0	2.67	0	1.12	1.0	22.3	19.9	0	0	0.0007467046
42424.83020	0	0.174	-0.41		0	13.0	7.20	0.50	0	0	2.67	0	1.12	1.0	22.3	19.9	0	0	0.0007351178
42424.83025	0	0.174	-0.41		0	13.0	7.20	0.50	0	0	2.67	0	1.12	1.0	22.3	19.9	0	0	0.0007239138
42424.83031	0	0.174	-0.40		0	13.0	7.20	0.50	0	0	2.67	0	1.12	1.0	22.3	19.9	0	0	0.0007132822
42424.83037	0	0.174	-0.41		0	13.0	7.20	0.50	0	0	2.67	0	1.12	1.0	22.3	19.9	0	0	0.0007029072
42424.83043	0	0.174	-0.41		0	13.0	7.20	0.50	0	0	2.67	0	1.12	1.0	22.3	19.9	0	0	0.0006930169
42424.83049	0	0.174	-0.41		0	13.0	7.20	0.50	0	0	2.67	0	1.12	1.0	22.3	19.9	0	0	0.0006833275
42424.83054	0	0.174	-0.41		0	13.0	7.20	0.50	0	0	2.67	0	1.12	1.0	22.3	19.9	0	0	0.0006740798
42424.83060	0	0.174	-0.40		0	13.0	7.20	0.50	0	0	2.67	0	1.12	1.0	22.3	19.9	0	0	0.0006653432
42424.83066	0	0.174	-0.41		0	13.0	7.20	0.50	0	0	2.67	0	1.12	1.0	22.3	19.9	0	0	0.0006569073
42424.83072	0	0.174	-0.41		0	13.0	7.20	0.50	0	0	2.67	0	1.12	1.0	22.3	19.9	0	0	0.0006486061
42424.83078	0	0.174	-0.41		0	13.0	7.20	0.50	0	0	2.67	0	1.12	1.0	22.3	19.9	0	0	0.0006405837
42424.83083	0	0.174	-0.41		0	13.0	7.20	0.50	0	0	2.67	0	1.12	1.0	22.3	19.9	0	0	0.0006328848
42424.83089	0	0.174	-0.41		0	13.0	7.20	0.50	0	0	2.67	0	1.12	1.0	22.3	19.9	0	0	0.0006253171
42424.83095	0	0.174	-0.41		0	13.0	7.20	0.50	0	0	2.67	0	1.12	1.0	22.3	19.9	0	0	0.0006178932
42424.83101	0	0.174	-0.40		0	13.0	7.20	0.50	0	0	2.67	0	1.12	1.0	22.3	19.8	0	0	0.0006104559
42424.83107	0	0.174	-0.41		0	13.0	7.20	0.50	0	0	2.67	0	1.12	1.0	22.3	19.8	0	0	0.0006032339
42424.83113	0	0.174	-0.41		0	13.0	7.20	0.50	0	0	2.67	0	1.12	1.0	22.3	19.8	0	0	0.0005963123
42424.83118	0	0.174	-0.41		0	13.0	7.20	0.50	0	0	2.67	0	1.12	1.0	22.3	19.8	0	0	0.0005897477
42424.83124	0	0.174	-0.41		0	13.0	7.20	0.50	0	0	2.67	0	1.12	1.0	22.3	19.8	0	0	0.0005836749
42424.83130	0	0.174	-0.41		0	13.0	7.20	0.50	0	0	2.67	0	1.12	1.0	22.3	19.8	0	0	0.0005779471
42424.83136	0	0.175	-0.41		0	13.0	7.20	0.50	0	0	2.67	0	1.12	1.0	22.3	19.8	0	0	0.0005723601
42424.83142	0	0.175	-0.39		0	12.9	7.20	0.50	0	0	2.67	0	1.12	1.0	22.3	19.8	0	0	0.0005668877
42424.83147	0	0.175	-0.41		0	12.9	7.20	0.50	0	0	2.67	0	1.12	1.0	22.3	19.8	0	0	0.0005617323
42424.83153	0	0.175	-0.41		0	12.9	7.20	0.50	0	0	2.67	0	1.12	1.0	22.3	19.8	0	0	0.0005567378
42424.83159	0	0.175	-0.41		0	12.9	7.20	0.50	0	0	2.67	0	1.12	1.0	22.3	19.8	0	0	0.0005519750
42424.83165	0	0.175	-0.41		0	12.9	7.20	0.50	0	0	2.67	0	1.12	1.0	22.3	19.8	0	0	0.0005473266
42424.83171	0	0.175	-0.41		0	12.9	7.20	0.50	0	0	2.67	0	1.12	1.0	22.3	19.8	0	0	0.0005427629
42424.83176	0	0.175	-0.41		0	12.9	7.20	0.50	0	0	2.67	0	1.12	1.0	22.3	19.8	0	0	0.0005383124
42424.83182	0	0.175	-0.41		0	12.9	7.20	0.50	0	0	2.67	0	1.12	1.0	22.3	19.8	0	0	0.0005339702
42424.83188	0	0.175	-0.41		0	12.9	7.20	0.50	0	0	2.67	0	1.12	1.0	22.3	19.8	0	0	0.0005298565
42424.83194	0	0.175	-0.41		0	12.9	7.20	0.50	0	0	2.67	0	1.12	1.0	22.3	19.8	0	0	0.0005258985
42424.83200	0	0.175	-0.41		0	12.9	7.20	0.50	0	0	2.67	0	1.12	1.0	22.3	19.8	0	0	0.0005222748
42424.83205	0	0.175	-0.41		0	12.9	7.20	0.50	0	0	2.67	0	1.12	1.0	22.3	19.8	0	0	0.0005188170
42424.83211	0	0.175	-0.40		0	12.9	7.20	0.50	0	0	2.67	0	1.12	1.0	22.3	19.8	0	0	0.0005155159
42424.83217	0	0.175	-0.41		0	12.9	7.20	0.50	0	0	2.67	0	1.12	1.0	22.3	19.8	0	0	0.0005125764
42424.83223	0	0.175	-0.41		0	12.9	7.20	0.50	0	0	2.67	0	1.12	1.0	22.3	19.8	0	0	0.0005099717
42424.83229	0	0.175	-0.41		0	12.9	7.20	0.50	0	0	2.67	0	1.12	1.0	22.3	19.8	0	0	0.0005075467
42424.83234	0	0.175	-0.41		0	12.9	7.20	0.50	0	0	2.67	0	1.12	1.0	22.3	19.7	0	0	0.0005053240
42424.83240	0	0.175	-0.41		0	12.9	7.20	0.50	0	0	2.67	0	1.12	1.0	22.3	19.7	0	0	0.0005033971
42424.83246	0	0.175	-0.41		0	12.9	7.20	0.50	0	0	2.67	0	1.12	1.0	22.3	19.7	0	0	0.0005015931
42424.83252	0	0.175	-0.41		0	12.9	7.20	0.50	0	0	2.67	0	1.12	1.0	22.3	19.7	0	0	0.0004999289
42424.83258	0	0.175	-0.41		0	12.9	7.20	0.50	0	0	2.67	0	1.12	1.0	22.3	19.7	0	0	0.0004984427
42424.83263	0	0.175	-0.41		0	12.9	7.20	0.50	0	0	2.67	0	1.12	1.0	22.3	19.7	0	0	0.0004971045
42424.83269	0	0.175	-0.41		0	12.9	7.20	0.50	0	0	2.67	0	1.12	1.0	22.3	19.7	0	0	0.0004958650
42424.83275	0	0.175	-0.41		0	12.9	7.20	0.50	0	0	2.67	0	1.12	1.0	22.3	19.7	0	0	0.0004947426
42424.83281	0	0.176	-0.41		0	12.8	7.20	0.50	0	0	2.67	0	1.12	1.0	22.3	19.7	0	0	0.0004939080
42424.83287	0	0.176	-0.41		0	12.8	7.20	0.50	0	0	2.67	0	1.12	1.0	22.3	19.7	0	0	0.0004933448
42424.83292	0	0.176	-0.41		0	12.8	7.20	0.50	0	0	2.67	0	1.12	1.0	22.3	19.7	0	0	0.0004929991
42424.83298	0	0.176	-0.41		0	12.8	7.20	0.50	0	0	2.67	0	1.12	1.0	22.3	19.7	0	0	0.0004927588
42424.83304	0	0.176	-0.41		0	12.8	7.20	0.50	0	0	2.67	0	1.12	1.0	22.3	19.7	0	0	0.0004928351
42424.83310	0	0.176	-0.41		0	12.8	7.20	0.50	0	0	2.67	0	1.12	1.0	22.3	19.7	0	0	0.0004930032
42424.83316	0	0.176	-0.41		0	12.8	7.20	0.50	0	0	2.67	0	1.12	1.0	22.3	19.7	0	0	0.0004932753
42424.83321	0	0.176	-0.41		0	12.8	7.20	0.50	0	0	2.67	0	1.12	1.0	22.3	19.7	0	0	0.0004936437
42424.83327	0	0.176	-0.41		0	12.8	7.20	0.50	0	0	2.67	0	1.12	1.0	22.3	19.7	0	0	0.0004941039
42424.83333	0	0.176	-0.40		0	12.8	7.20	0.50	0	0	2.67	0	1.12	1.0	22.3	19.7	0	0	0.0004946979
42424.83339	0	0.176	-0.41		0	12.8	7.20	0	0	0	2.67	0	1.12	1.0	22.3	19.7	0	0	0.0004954155
